subject_id,session_id,block_index,rewarded_modality,vis_dprime,aud_dprime,cross_modality_dprime,is_first_block_aud,target,response_rate
626791,626791_2022-08-15,0,vis,2.516339785032338,-0.39523751317825573,3.0732675211951777,false,aud,0.15
626791,626791_2022-08-15,0,vis,2.516339785032338,-0.39523751317825573,3.0732675211951777,false,vis,1.0
626791,626791_2022-08-15,1,aud,-1.0211106338487372,1.5348986686804,1.438862250154771,false,vis,0.4375
626791,626791_2022-08-15,1,aud,-1.0211106338487372,1.5348986686804,1.438862250154771,false,aud,1.0
626791,626791_2022-08-15,2,vis,2.2037602275876456,-0.610612347156432,1.4919759855326094,false,vis,1.0
626791,626791_2022-08-15,2,vis,2.2037602275876456,-0.610612347156432,1.4919759855326094,false,aud,0.6875
626791,626791_2022-08-15,3,aud,-1.2109889126058269,1.779951614747349,0.12604934872413942,false,aud,1.0
626791,626791_2022-08-15,3,aud,-1.2109889126058269,1.779951614747349,0.12604934872413942,false,vis,1.0
626791,626791_2022-08-15,4,vis,3.055519590076932,-0.8780724355617675,1.87937590170128,false,vis,1.0
626791,626791_2022-08-15,4,vis,3.055519590076932,-0.8780724355617675,1.87937590170128,false,aud,0.5555555555555556
626791,626791_2022-08-15,5,aud,-0.9606104686861593,2.4891999802206497,2.223431400046347,false,vis,0.4117647058823529
626791,626791_2022-08-15,5,aud,-0.9606104686861593,2.4891999802206497,2.223431400046347,false,aud,1.0
644864,644864_2023-01-30,0,vis,3.0211704767335235,-0.3212870070325067,2.643204708481601,false,vis,1.0
644864,644864_2023-01-30,0,vis,3.0211704767335235,-0.3212870070325067,2.643204708481601,false,aud,0.2777777777777778
644864,644864_2023-01-30,1,aud,-1.7982212119709666,1.2322377513410876,1.5573284783704375,false,vis,0.6842105263157895
644864,644864_2023-01-30,1,aud,-1.7982212119709666,1.2322377513410876,1.5573284783704375,false,aud,1.0
644864,644864_2023-01-30,2,vis,2.4142260755299416,-1.2634417606567472,1.4031941309216869,false,aud,0.7368421052631579
644864,644864_2023-01-30,2,vis,2.4142260755299416,-1.2634417606567472,1.4031941309216869,false,vis,1.0
644864,644864_2023-01-30,3,aud,-1.2164092268704856,2.516339785032338,1.9708223193255472,false,aud,1.0
644864,644864_2023-01-30,3,aud,-1.2164092268704856,2.516339785032338,1.9708223193255472,false,vis,0.5263157894736842
644864,644864_2023-01-30,4,vis,2.878455365274302,-0.9568160168775208,1.5124336189933472,false,vis,1.0
644864,644864_2023-01-30,4,vis,2.878455365274302,-0.9568160168775208,1.5124336189933472,false,aud,0.7
644864,644864_2023-01-30,5,aud,-1.2808658242758564,2.396478144411696,1.87937590170128,false,vis,0.5555555555555556
644864,644864_2023-01-30,5,aud,-1.2808658242758564,2.396478144411696,1.87937590170128,false,aud,1.0
644864,644864_2023-01-31,0,aud,-1.9175663697230436,1.7066168814042544,1.876312250632925,true,vis,0.5333333333333333
644864,644864_2023-01-31,0,aud,-1.9175663697230436,1.7066168814042544,1.876312250632925,true,aud,1.0
644864,644864_2023-01-31,1,vis,2.7406084845654854,-0.2696521981040845,1.2543765267967553,true,vis,1.0
644864,644864_2023-01-31,1,vis,2.7406084845654854,-0.2696521981040845,1.2543765267967553,true,aud,0.7777777777777778
644864,644864_2023-01-31,2,aud,-1.6322896779930491,2.036834131701388,2.626289929551166,true,vis,0.2777777777777778
644864,644864_2023-01-31,2,aud,-1.6322896779930491,2.036834131701388,2.626289929551166,true,aud,1.0
644864,644864_2023-01-31,3,vis,3.3006377661277426,-0.6858119905876092,1.3854461998034413,true,vis,1.0
644864,644864_2023-01-31,3,vis,3.3006377661277426,-0.6858119905876092,1.3854461998034413,true,aud,0.7368421052631579
644864,644864_2023-01-31,4,aud,-1.6239258441682314,1.985011499258045,1.4783172929864457,true,vis,0.6
644864,644864_2023-01-31,4,aud,-1.6239258441682314,1.985011499258045,1.4783172929864457,true,aud,0.9473684210526315
644864,644864_2023-01-31,5,vis,3.0042556978030888,-0.9705099447511277,1.4031941309216869,true,aud,0.7368421052631579
644864,644864_2023-01-31,5,vis,3.0042556978030888,-0.9705099447511277,1.4031941309216869,true,vis,1.0
644864,644864_2023-02-02,0,aud,-0.7391605799574221,2.3660728630548467,2.3581443404758327,true,vis,0.35294117647058826
644864,644864_2023-02-02,0,aud,-0.7391605799574221,2.3660728630548467,2.3581443404758327,true,aud,1.0
644864,644864_2023-02-02,1,vis,3.6566903903396577,-0.023425685797271445,3.6566903903396577,true,aud,0.05263157894736842
644864,644864_2023-02-02,1,vis,3.6566903903396577,-0.023425685797271445,3.6566903903396577,true,vis,1.0
644864,644864_2023-02-02,2,aud,-1.435000171724607,2.5898793669557585,2.282639716168488,true,aud,1.0
644864,644864_2023-02-02,2,aud,-1.435000171724607,2.5898793669557585,2.282639716168488,true,vis,0.3888888888888889
644864,644864_2023-02-02,3,vis,3.318385697245988,-0.6784124189954541,2.2901812348371875,true,aud,0.4
644864,644864_2023-02-02,3,vis,3.318385697245988,-0.6784124189954541,2.2901812348371875,true,vis,1.0
644864,644864_2023-02-02,4,aud,-1.1952543107536675,3.318385697245988,2.4221545981089556,true,vis,0.35
644864,644864_2023-02-02,4,aud,-1.1952543107536675,3.318385697245988,2.4221545981089556,true,aud,1.0
644864,644864_2023-02-02,5,vis,2.356172176014399,-0.9922934022430004,1.5362045247311407,true,aud,0.5333333333333333
644864,644864_2023-02-02,5,vis,2.356172176014399,-0.9922934022430004,1.5362045247311407,true,vis,1.0
644866,644866_2023-02-07,0,vis,2.841430512061688,-1.2384417005577113,2.7113238818974694,false,aud,0.25
644866,644866_2023-02-07,0,vis,2.841430512061688,-1.2384417005577113,2.7113238818974694,false,vis,1.0
644866,644866_2023-02-07,1,aud,-1.7502629019087856,-0.4646525565502351,-0.4646525565502351,false,aud,0.8666666666666667
644866,644866_2023-02-07,1,aud,-1.7502629019087856,-0.4646525565502351,-0.4646525565502351,false,vis,0.9333333333333333
644866,644866_2023-02-07,2,vis,3.714755457846524,-1.0838211352932137,2.195563177750125,false,vis,1.0
644866,644866_2023-02-07,2,vis,3.714755457846524,-1.0838211352932137,2.195563177750125,false,aud,0.45
644866,644866_2023-02-07,3,aud,-1.2109889126058269,0.16650893329006555,1.9167718351988512,false,aud,1.0
644866,644866_2023-02-07,3,aud,-1.2109889126058269,0.16650893329006555,1.9167718351988512,false,vis,0.5333333333333333
644866,644866_2023-02-07,4,vis,3.0211704767335235,-1.5371138812270035,0.8331085617844729,false,vis,1.0
644866,644866_2023-02-07,4,vis,3.0211704767335235,-1.5371138812270035,0.8331085617844729,false,aud,0.8888888888888888
644866,644866_2023-02-07,5,aud,-0.3725784691757006,0.9922934022430003,1.0692049620295276,false,vis,0.7777777777777778
644866,644866_2023-02-07,5,aud,-0.3725784691757006,0.9922934022430003,1.0692049620295276,false,aud,1.0
644866,644866_2023-02-08,0,aud,0.0,0.44361531367833784,1.8376328069121208,true,vis,0.5789473684210527
644866,644866_2023-02-08,0,aud,0.0,0.44361531367833784,1.8376328069121208,true,aud,1.0
644866,644866_2023-02-08,1,vis,3.6015606030631866,-0.7276743922997388,1.6061068324059304,true,vis,1.0
644866,644866_2023-02-08,1,vis,3.6015606030631866,-0.7276743922997388,1.6061068324059304,true,aud,0.6666666666666666
644866,644866_2023-02-08,2,aud,-0.2930778839013559,0.11581739977899286,1.4201089098521216,true,aud,1.0
644866,644866_2023-02-08,2,aud,-0.2930778839013559,0.11581739977899286,1.4201089098521216,true,vis,0.7368421052631579
644866,644866_2023-02-08,3,vis,3.957017711435971,-0.04545815948449716,2.1447475474382163,true,vis,1.0
644866,644866_2023-02-08,3,vis,3.957017711435971,-0.04545815948449716,2.1447475474382163,true,aud,0.45
644866,644866_2023-02-08,4,aud,-0.024995864722127337,0.7721973450872222,2.0537489106318225,true,vis,0.5
644866,644866_2023-02-08,4,aud,-0.024995864722127337,0.7721973450872222,2.0537489106318225,true,aud,1.0
644866,644866_2023-02-08,5,vis,3.688617582104998,-1.1553676041797543,2.425175821448251,true,vis,1.0
644866,644866_2023-02-08,5,vis,3.688617582104998,-1.1553676041797543,2.425175821448251,true,aud,0.25
644866,644866_2023-02-09,0,vis,3.6300529497244387,-1.3042915100731278,2.670474132481089,false,vis,1.0
644866,644866_2023-02-09,0,vis,3.6300529497244387,-1.3042915100731278,2.670474132481089,false,aud,0.2631578947368421
644866,644866_2023-02-09,1,aud,-0.4038109665002825,0.10583244430069705,2.2301917245831193,false,vis,0.3157894736842105
644866,644866_2023-02-09,1,aud,-0.4038109665002825,0.10583244430069705,2.2301917245831193,false,aud,1.0
644866,644866_2023-02-09,2,vis,3.6816877586528607,-1.2808658242758564,2.319050278763896,false,vis,1.0
644866,644866_2023-02-09,2,vis,3.6816877586528607,-1.2808658242758564,2.319050278763896,false,aud,0.3888888888888889
644866,644866_2023-02-09,3,aud,0.0,0.42586738256009227,2.0190862005831423,false,vis,0.5
644866,644866_2023-02-09,3,aud,0.0,0.42586738256009227,2.0190862005831423,false,aud,1.0
644866,644866_2023-02-09,4,vis,3.9916804214846513,0.04545815948449716,3.2743892594791726,false,vis,1.0
644866,644866_2023-02-09,4,vis,3.9916804214846513,0.04545815948449716,3.2743892594791726,false,aud,0.1111111111111111
644866,644866_2023-02-09,5,aud,-0.6938654762082073,1.2321696531787785,0.9469656327233417,false,aud,0.9444444444444444
644866,644866_2023-02-09,5,aud,-0.6938654762082073,1.2321696531787785,0.9469656327233417,false,vis,0.7777777777777778
644866,644866_2023-02-10,0,aud,-0.3180752522145589,0.18517156476722763,1.8198848757938753,true,aud,1.0
644866,644866_2023-02-10,0,aud,-0.3180752522145589,0.18517156476722763,1.8198848757938753,true,vis,0.5789473684210527
644866,644866_2023-02-10,1,vis,3.9432588709652525,-0.3447126928297781,2.533254563962773,true,aud,0.3157894736842105
644866,644866_2023-02-10,1,vis,3.9432588709652525,-0.3447126928297781,2.533254563962773,true,vis,1.0
644866,644866_2023-02-10,2,aud,-0.32478348897163123,0.10458037552758537,2.56048128571223,true,aud,1.0
644866,644866_2023-02-10,2,aud,-0.32478348897163123,0.10458037552758537,2.56048128571223,true,vis,0.29411764705882354
644866,644866_2023-02-10,3,vis,2.8184585844182095,-0.3180752522145589,2.6873889114115235,true,aud,0.2631578947368421
644866,644866_2023-02-10,3,vis,2.8184585844182095,-0.3180752522145589,2.6873889114115235,true,vis,1.0
644866,644866_2023-02-10,4,aud,-0.3401077259017846,0.08681076917077313,3.0132159616668455,true,aud,1.0
644866,644866_2023-02-10,4,aud,-0.3401077259017846,0.08681076917077313,3.0132159616668455,true,vis,0.1
644866,644866_2023-02-10,5,vis,3.395539698203642,-1.1553676041797543,2.425175821448251,true,aud,0.25
644866,644866_2023-02-10,5,vis,3.395539698203642,-1.1553676041797543,2.425175821448251,true,vis,0.95
644867,644867_2023-02-20,0,vis,3.96825473568738,-0.6373904400682104,2.7752711946141657,false,aud,0.23529411764705882
644867,644867_2023-02-20,0,vis,3.96825473568738,-0.6373904400682104,2.7752711946141657,false,vis,1.0
644867,644867_2023-02-20,1,aud,0.0,2.56048128571223,2.242094031523509,false,aud,1.0
644867,644867_2023-02-20,1,aud,0.0,2.56048128571223,2.242094031523509,false,vis,0.4117647058823529
644867,644867_2023-02-20,2,vis,3.9967981162414423,-0.022032473687225718,2.036834131701388,false,vis,1.0
644867,644867_2023-02-20,2,vis,3.9967981162414423,-0.022032473687225718,2.036834131701388,false,aud,0.5
644867,644867_2023-02-20,3,aud,0.0,3.6736051692700924,2.5781494233398634,false,aud,1.0
644867,644867_2023-02-20,3,aud,0.0,3.6736051692700924,2.5781494233398634,false,vis,0.3
644867,644867_2023-02-20,4,vis,4.029865815435105,0.020788412107224374,2.455222297302619,false,aud,0.35
644867,644867_2023-02-20,4,vis,4.029865815435105,0.020788412107224374,2.455222297302619,false,vis,1.0
644867,644867_2023-02-20,5,aud,0.024995864722127337,2.745462070433666,1.6033604528187249,false,aud,1.0
644867,644867_2023-02-20,5,aud,0.024995864722127337,2.745462070433666,1.6033604528187249,false,vis,0.6470588235294118
644867,644867_2023-02-22,0,vis,4.013712895171877,0.0,2.728238660827904,false,vis,1.0
644867,644867_2023-02-22,0,vis,4.013712895171877,0.0,2.728238660827904,false,aud,0.25
644867,644867_2023-02-22,1,aud,0.0,3.335300476176423,1.6684284442242547,false,vis,0.65
644867,644867_2023-02-22,1,aud,0.0,3.335300476176423,1.6684284442242547,false,aud,1.0
644867,644867_2023-02-22,2,vis,3.9967981162414423,-0.6784124189954541,3.0732675211951777,false,vis,1.0
644867,644867_2023-02-22,2,vis,3.9967981162414423,-0.6784124189954541,3.0732675211951777,false,aud,0.15
644867,644867_2023-02-22,3,aud,-0.41341987901153243,3.1872550018617987,1.0330020030042792,false,vis,0.8333333333333334
644867,644867_2023-02-22,3,aud,-0.41341987901153243,3.1872550018617987,1.0330020030042792,false,aud,1.0
644867,644867_2023-02-22,4,vis,3.6816877586528607,-0.3180752522145589,2.670474132481089,false,vis,1.0
644867,644867_2023-02-22,4,vis,3.6816877586528607,-0.3180752522145589,2.670474132481089,false,aud,0.2631578947368421
644867,644867_2023-02-22,5,aud,-0.023425685797271445,2.1290982173847355,1.5420978693170864,false,vis,0.2631578947368421
644867,644867_2023-02-22,5,aud,-0.023425685797271445,2.1290982173847355,1.5420978693170864,false,aud,0.7647058823529411
644867,644867_2023-02-23,0,aud,-0.022032473687225718,1.6652102741631463,1.2573327802455638,true,vis,0.55
644867,644867_2023-02-23,0,aud,-0.022032473687225718,1.6652102741631463,1.2573327802455638,true,aud,0.9473684210526315
644867,644867_2023-02-23,1,vis,3.926344092034818,-2.1609393417931955,2.670474132481089,true,vis,1.0
644867,644867_2023-02-23,1,vis,3.926344092034818,-2.1609393417931955,2.670474132481089,true,aud,0.2631578947368421
644867,644867_2023-02-23,2,aud,0.0,0.09365559443097982,0.46316356131381253,true,vis,0.7368421052631579
644867,644867_2023-02-23,2,aud,0.0,0.09365559443097982,0.46316356131381253,true,aud,1.0
644867,644867_2023-02-23,3,vis,3.938355079958809,0.0,3.593642387129031,true,aud,0.05555555555555555
644867,644867_2023-02-23,3,vis,3.938355079958809,0.0,3.593642387129031,true,vis,1.0
644867,644867_2023-02-23,4,aud,-0.04842155051939878,0.415572560998937,1.4490059394764787,true,vis,0.47368421052631576
644867,644867_2023-02-23,4,aud,-0.04842155051939878,0.415572560998937,1.4490059394764787,true,aud,1.0
644867,644867_2023-02-23,5,vis,3.6736051692700924,-0.6784124189954541,3.6986025375832954,true,aud,0.05
644867,644867_2023-02-23,5,vis,3.6736051692700924,-0.6784124189954541,3.6986025375832954,true,vis,1.0
649943,649943_2023-02-13,0,vis,3.2819751346505806,-0.04842155051939878,3.2525430893711995,false,vis,1.0
649943,649943_2023-02-13,0,vis,3.2819751346505806,-0.04842155051939878,3.2525430893711995,false,aud,0.10526315789473684
649943,649943_2023-02-13,1,aud,-0.9347835431902951,2.3843260720318704,1.8166978836280099,false,vis,0.47368421052631576
649943,649943_2023-02-13,1,aud,-0.9347835431902951,2.3843260720318704,1.8166978836280099,false,aud,1.0
649943,649943_2023-02-13,2,vis,2.929323060753251,-0.9606104686861593,1.7774157381656135,false,vis,1.0
649943,649943_2023-02-13,2,vis,2.929323060753251,-0.9606104686861593,1.7774157381656135,false,aud,0.5882352941176471
649943,649943_2023-02-13,3,aud,-0.37320503949103,3.2712057208483616,1.9530743882073016,false,vis,0.5263157894736842
649943,649943_2023-02-13,3,aud,-0.37320503949103,3.2712057208483616,1.9530743882073016,false,aud,1.0
649943,649943_2023-02-13,4,vis,3.957017711435971,-0.3180752522145589,1.9530743882073016,false,vis,1.0
649943,649943_2023-02-13,4,vis,3.957017711435971,-0.3180752522145589,1.9530743882073016,false,aud,0.5263157894736842
649943,649943_2023-02-13,5,aud,-0.04545815948449716,3.0399820993639217,1.9111727848463136,false,aud,1.0
649943,649943_2023-02-13,5,aud,-0.04545815948449716,3.0399820993639217,1.9111727848463136,false,vis,0.55
649943,649943_2023-02-14,0,aud,0.0,2.4221545981089556,1.7007959913295647,true,vis,0.631578947368421
649943,649943_2023-02-14,0,aud,0.0,2.4221545981089556,1.7007959913295647,true,aud,1.0
649943,649943_2023-02-14,1,vis,3.9335920256386996,-1.3263239837603535,0.7375346350385419,true,aud,0.9
649943,649943_2023-02-14,1,vis,3.9335920256386996,-1.3263239837603535,0.7375346350385419,true,vis,1.0
649943,649943_2023-02-14,2,aud,-0.6992008311026785,3.0901823001256123,2.6196977325646857,true,aud,1.0
649943,649943_2023-02-14,2,aud,-0.6992008311026785,3.0901823001256123,2.6196977325646857,true,vis,0.2857142857142857
649943,649943_2023-02-14,3,vis,3.6986025375832954,-0.31511035758858164,2.4390693770393903,true,aud,0.35
649943,649943_2023-02-14,3,vis,3.6986025375832954,-0.31511035758858164,2.4390693770393903,true,vis,1.0
649943,649943_2023-02-14,4,aud,-0.3180752522145589,3.318385697245988,2.1028459440772287,true,aud,1.0
649943,649943_2023-02-14,4,aud,-0.3180752522145589,3.318385697245988,2.1028459440772287,true,vis,0.47368421052631576
649943,649943_2023-02-14,5,vis,4.013712895171877,0.0,2.728238660827904,true,aud,0.25
649943,649943_2023-02-14,5,vis,4.013712895171877,0.0,2.728238660827904,true,vis,1.0
649943,649943_2023-02-15,0,vis,3.9967981162414423,-0.3180752522145589,1.7007959913295647,false,vis,1.0
649943,649943_2023-02-15,0,vis,3.9967981162414423,-0.3180752522145589,1.7007959913295647,false,aud,0.631578947368421
649943,649943_2023-02-15,1,aud,0.0,2.5256105428160573,1.7546179846388796,false,aud,1.0
649943,649943_2023-02-15,1,aud,0.0,2.5256105428160573,1.7546179846388796,false,vis,0.6111111111111112
649943,649943_2023-02-15,2,vis,3.305868430897042,-0.7078444642748349,2.0537489106318225,false,aud,0.5
649943,649943_2023-02-15,2,vis,3.305868430897042,-0.7078444642748349,2.0537489106318225,false,vis,1.0
649943,649943_2023-02-15,3,aud,-0.892393460661913,2.9938134345692142,1.0489221765380394,false,vis,0.85
649943,649943_2023-02-15,3,aud,-0.892393460661913,2.9938134345692142,1.0489221765380394,false,aud,1.0
649943,649943_2023-02-15,4,vis,3.9967981162414423,-0.6784124189954541,1.3623443815053062,false,aud,0.75
649943,649943_2023-02-15,4,vis,3.9967981162414423,-0.6784124189954541,1.3623443815053062,false,vis,1.0
649943,649943_2023-02-15,5,aud,-0.023425685797271445,3.305868430897042,1.9877370982559819,false,aud,1.0
649943,649943_2023-02-15,5,aud,-0.023425685797271445,3.305868430897042,1.9877370982559819,false,vis,0.5263157894736842
649943,649943_2023-02-16,0,aud,-0.09723211711840296,2.56048128571223,1.893424853728068,true,aud,1.0
649943,649943_2023-02-16,0,aud,-0.09723211711840296,2.56048128571223,1.893424853728068,true,vis,0.55
649943,649943_2023-02-16,1,vis,2.986507766684843,-0.6858119905876092,0.3992299419448726,true,vis,1.0
649943,649943_2023-02-16,1,vis,2.986507766684843,-0.6858119905876092,0.3992299419448726,true,aud,0.9473684210526315
649943,649943_2023-02-16,2,aud,-0.6858119905876092,2.878455365274302,1.9708223193255472,true,vis,0.5263157894736842
649943,649943_2023-02-16,2,aud,-0.6858119905876092,2.878455365274302,1.9708223193255472,true,aud,1.0
649943,649943_2023-02-16,3,vis,3.2397265494304923,-0.6563799453082284,1.0159382329206086,true,vis,1.0
649943,649943_2023-02-16,3,vis,3.2397265494304923,-0.6563799453082284,1.0159382329206086,true,aud,0.8421052631578947
649943,649943_2023-02-16,4,aud,-0.34977935369375857,2.48447620992728,1.9140386117499604,true,vis,0.5555555555555556
649943,649943_2023-02-16,4,aud,-0.34977935369375857,2.48447620992728,1.9140386117499604,true,aud,1.0
649943,649943_2023-02-16,5,vis,3.6986025375832954,-0.6784124189954541,1.2121276770589082,true,vis,1.0
649943,649943_2023-02-16,5,vis,3.6986025375832954,-0.6784124189954541,1.2121276770589082,true,aud,0.8
660023,660023_2023-08-09,0,aud,0.0,0.7721973450872222,2.1794102574868965,true,vis,0.45
660023,660023_2023-08-09,0,aud,0.0,0.7721973450872222,2.1794102574868965,true,aud,1.0
660023,660023_2023-08-09,1,vis,2.291316917157167,-0.7123824870456437,3.2025117382996253,true,vis,1.0
660023,660023_2023-08-09,1,vis,2.291316917157167,-0.7123824870456437,3.2025117382996253,true,aud,0.0625
660023,660023_2023-08-09,2,aud,-0.3447126928297781,1.3342833626811748,1.3756371661379057,true,aud,1.0
660023,660023_2023-08-09,2,aud,-0.3447126928297781,1.3342833626811748,1.3756371661379057,true,vis,0.631578947368421
660023,660023_2023-08-09,3,vis,3.1311017770232867,-1.5784676846837342,3.201392745494629,true,vis,1.0
660023,660023_2023-08-09,3,vis,3.1311017770232867,-1.5784676846837342,3.201392745494629,true,aud,0.1111111111111111
660023,660023_2023-08-09,4,aud,-0.04545815948449716,0.47585963017992616,1.9919706139489222,true,vis,0.2
660023,660023_2023-08-09,4,aud,-0.04545815948449716,0.47585963017992616,1.9919706139489222,true,aud,1.0
660023,660023_2023-08-09,5,vis,0.7186605286939017,-0.9050151441686439,-0.39304160563085544,true,vis,0.7647058823529411
660023,660023_2023-08-09,5,vis,0.7186605286939017,-0.9050151441686439,-0.39304160563085544,true,aud,0.7333333333333333
662892,662892_2023-08-22,0,aud,-0.9347835431902951,2.7837958743695292,1.9530743882073016,true,vis,0.5263157894736842
662892,662892_2023-08-22,0,aud,-0.9347835431902951,2.7837958743695292,1.9530743882073016,true,aud,1.0
662892,662892_2023-08-22,1,vis,3.7106500557922235,-0.3401077259017846,2.5923073048250833,true,vis,1.0
662892,662892_2023-08-22,1,vis,3.7106500557922235,-0.3401077259017846,2.5923073048250833,true,aud,0.2
662892,662892_2023-08-22,2,aud,-0.6373904400682104,3.0322376367967694,1.5276782403118023,true,aud,0.95
662892,662892_2023-08-22,2,aud,-0.6373904400682104,3.0322376367967694,1.5276782403118023,true,vis,0.5882352941176471
662892,662892_2023-08-22,3,vis,1.9547170828970173,-0.32478348897163123,1.608965609007229,true,vis,0.875
662892,662892_2023-08-22,3,vis,1.9547170828970173,-0.32478348897163123,1.608965609007229,true,aud,0.29411764705882354
662892,662892_2023-08-22,4,aud,-0.2696537016951601,2.30203119472678,1.7421824677553517,true,vis,0.47058823529411764
662892,662892_2023-08-22,4,aud,-0.2696537016951601,2.30203119472678,1.7421824677553517,true,aud,1.0
662892,662892_2023-08-22,5,vis,3.376518023073718,-0.2930778839013559,2.734812363784779,true,aud,0.15789473684210525
662892,662892_2023-08-22,5,vis,3.376518023073718,-0.2930778839013559,2.734812363784779,true,vis,1.0
662892,662892_2023-08-23,0,vis,1.9069611228390062,-1.3731107399264695,3.201392745494629,false,aud,0.1111111111111111
662892,662892_2023-08-23,0,vis,1.9069611228390062,-1.3731107399264695,3.201392745494629,false,vis,1.0
662892,662892_2023-08-23,1,aud,-1.3832262140907012,1.4275907279915727,0.2643245666808215,false,aud,0.8333333333333334
662892,662892_2023-08-23,1,aud,-1.3832262140907012,1.4275907279915727,0.2643245666808215,false,vis,0.75
662892,662892_2023-08-23,2,vis,2.064404130554408,-2.1125177912737967,2.9096518882945497,false,aud,0.17647058823529413
662892,662892_2023-08-23,2,vis,2.064404130554408,-2.1125177912737967,2.9096518882945497,false,vis,1.0
662892,662892_2023-08-23,3,aud,-1.9175663697230436,1.58473946003995,2.7791628105838644,false,aud,0.9375
662892,662892_2023-08-23,3,aud,-1.9175663697230436,1.58473946003995,2.7791628105838644,false,vis,0.13333333333333333
662892,662892_2023-08-23,4,vis,1.9870305579114542,-2.020042552031822,2.555537752965955,false,vis,1.0
662892,662892_2023-08-23,4,vis,1.9870305579114542,-2.020042552031822,2.555537752965955,false,aud,0.1875
662892,662892_2023-08-23,5,aud,-1.9633012341417027,1.87937590170128,2.396478144411696,false,aud,1.0
662892,662892_2023-08-23,5,aud,-1.9633012341417027,1.87937590170128,2.396478144411696,false,vis,0.35294117647058826
662892,662892_2023-08-24,0,aud,-1.1553676041797543,3.022234168245676,3.055519590076932,true,vis,0.15
662892,662892_2023-08-24,0,aud,-1.1553676041797543,3.022234168245676,3.055519590076932,true,aud,1.0
662892,662892_2023-08-24,1,vis,2.425175821448251,-1.684584407717029,2.5552824516124693,true,aud,0.21052631578947367
662892,662892_2023-08-24,1,vis,2.425175821448251,-1.684584407717029,2.5552824516124693,true,vis,1.0
662892,662892_2023-08-24,2,aud,-1.3000541624836517,2.047713446881552,3.2764017778715275,true,vis,0.058823529411764705
662892,662892_2023-08-24,2,aud,-1.3000541624836517,2.047713446881552,3.2764017778715275,true,aud,1.0
662892,662892_2023-08-24,3,vis,2.301131104359507,-1.0273592660366813,1.851385605391591,true,vis,1.0
662892,662892_2023-08-24,3,vis,2.301131104359507,-1.0273592660366813,1.851385605391591,true,aud,0.4444444444444444
662892,662892_2023-08-24,4,aud,-1.467808279015345,1.1891289593428123,1.8732033617740693,true,vis,0.4
662892,662892_2023-08-24,4,aud,-1.467808279015345,1.1891289593428123,1.8732033617740693,true,aud,1.0
662892,662892_2023-08-24,5,vis,1.0537907650863687,-1.6174791018008168,-0.2326447467246302,true,aud,0.9166666666666666
662892,662892_2023-08-24,5,vis,1.0537907650863687,-1.6174791018008168,-0.2326447467246302,true,vis,0.9090909090909091
664851,664851_2023-11-13,0,aud,-0.024995864722127337,2.882013776498253,3.646170221177803,true,vis,0.0
664851,664851_2023-11-13,0,aud,-0.024995864722127337,2.882013776498253,3.646170221177803,true,aud,1.0
664851,664851_2023-11-13,1,vis,2.4963740699086325,-0.6858119905876092,3.351520654760515,true,vis,1.0
664851,664851_2023-11-13,1,vis,2.4963740699086325,-0.6858119905876092,3.351520654760515,true,aud,0.05263157894736842
664851,664851_2023-11-13,2,aud,-0.31511035758858164,2.100566622468929,1.8113973386804152,true,vis,0.35
664851,664851_2023-11-13,2,aud,-0.31511035758858164,2.100566622468929,1.8113973386804152,true,aud,0.9523809523809523
664851,664851_2023-11-13,3,vis,2.1317924725095994,-0.6858119905876092,0.03243056054037918,true,vis,0.6666666666666666
664851,664851_2023-11-13,3,vis,2.1317924725095994,-0.6858119905876092,0.03243056054037918,true,aud,0.6842105263157895
664851,664851_2023-11-13,4,aud,-0.29464956641728746,3.646170221177803,2.4963740699086325,true,vis,0.2222222222222222
664851,664851_2023-11-13,4,aud,-0.29464956641728746,3.646170221177803,2.4963740699086325,true,aud,1.0
664851,664851_2023-11-13,5,vis,2.3453153072894297,-0.36674516651700384,2.993226872054329,true,vis,1.0
664851,664851_2023-11-13,5,vis,2.3453153072894297,-0.36674516651700384,2.993226872054329,true,aud,0.1
664851,664851_2023-11-15,0,aud,0.0,1.9308657209115123,2.4963740699086325,true,vis,0.2222222222222222
664851,664851_2023-11-15,0,aud,0.0,1.9308657209115123,2.4963740699086325,true,aud,1.0
664851,664851_2023-11-15,1,vis,3.395539698203642,-0.9235305950462647,2.425175821448251,true,vis,1.0
664851,664851_2023-11-15,1,vis,3.395539698203642,-0.9235305950462647,2.425175821448251,true,aud,0.25
664851,664851_2023-11-15,2,aud,0.02677809291177846,1.9140386117499604,3.916480778053474,true,vis,0.0
664851,664851_2023-11-15,2,aud,0.02677809291177846,1.9140386117499604,3.916480778053474,true,aud,1.0
664851,664851_2023-11-15,3,vis,3.957017711435971,-0.632954259510957,2.6085419984329206,true,vis,1.0
664851,664851_2023-11-15,3,vis,3.957017711435971,-0.632954259510957,2.6085419984329206,true,aud,0.2777777777777778
664851,664851_2023-11-15,4,aud,-0.023425685797271445,3.16943558095915,3.2712057208483616,true,aud,1.0
664851,664851_2023-11-15,4,aud,-0.023425685797271445,3.16943558095915,3.2712057208483616,true,vis,0.10526315789473684
664851,664851_2023-11-15,5,vis,3.257474480548738,-0.6784124189954541,2.5612346444094287,true,vis,1.0
664851,664851_2023-11-15,5,vis,3.257474480548738,-0.6784124189954541,2.5612346444094287,true,aud,0.3
664851,664851_2023-11-16,0,vis,3.0499251872611057,-0.3401077259017846,1.6584186634454325,false,vis,1.0
664851,664851_2023-11-16,0,vis,3.0499251872611057,-0.3401077259017846,1.6584186634454325,false,aud,0.4
664851,664851_2023-11-16,1,aud,0.04842155051939878,2.9826484022790933,2.4311408544603763,false,vis,0.35294117647058826
664851,664851_2023-11-16,1,aud,0.04842155051939878,2.9826484022790933,2.4311408544603763,false,aud,1.0
664851,664851_2023-11-16,2,vis,2.753834038914703,-0.6858119905876092,2.5552824516124693,false,vis,1.0
664851,664851_2023-11-16,2,vis,2.753834038914703,-0.6858119905876092,2.5552824516124693,false,aud,0.21052631578947367
664851,664851_2023-11-16,3,aud,-0.31511035758858164,2.7871194607459593,2.425175821448251,false,vis,0.25
664851,664851_2023-11-16,3,aud,-0.31511035758858164,2.7871194607459593,2.425175821448251,false,aud,1.0
664851,664851_2023-11-16,4,vis,3.6916283806622996,-0.9568160168775208,2.5732856296951594,false,vis,1.0
664851,664851_2023-11-16,4,vis,3.6916283806622996,-0.9568160168775208,2.5732856296951594,false,aud,0.2
664851,664851_2023-11-16,5,aud,-0.3212870070325067,2.2578469917968573,2.63581276004878,false,vis,0.16666666666666666
664851,664851_2023-11-16,5,aud,-0.3212870070325067,2.2578469917968573,2.63581276004878,false,aud,1.0
666986,666986_2023-08-15,0,vis,2.947985692230413,-1.109909444695257,2.4498134998785996,false,vis,1.0
666986,666986_2023-08-15,0,vis,2.947985692230413,-1.109909444695257,2.4498134998785996,false,aud,0.3333333333333333
666986,666986_2023-08-15,1,aud,0.023425685797271445,1.7546179846388796,2.036834131701388,false,aud,1.0
666986,666986_2023-08-15,1,aud,0.023425685797271445,1.7546179846388796,2.036834131701388,false,vis,0.5
666986,666986_2023-08-15,2,vis,2.6405747981569996,-1.5958664610911821,0.7442537404080277,false,aud,0.8333333333333334
666986,666986_2023-08-15,2,vis,2.6405747981569996,-1.5958664610911821,0.7442537404080277,false,vis,1.0
666986,666986_2023-08-15,3,aud,-0.022032473687225718,2.307096013767622,2.895370144204737,false,aud,1.0
666986,666986_2023-08-15,3,aud,-0.022032473687225718,2.307096013767622,2.895370144204737,false,vis,0.2
666986,666986_2023-08-15,4,vis,4.013712895171877,-1.684584407717029,1.8545475858425555,false,aud,0.5789473684210527
666986,666986_2023-08-15,4,vis,4.013712895171877,-1.684584407717029,1.8545475858425555,false,vis,1.0
666986,666986_2023-08-15,5,aud,-0.7078444642748349,2.047713446881552,1.7116753065097288,false,aud,1.0
666986,666986_2023-08-15,5,aud,-0.7078444642748349,2.047713446881552,1.7116753065097288,false,vis,0.5
666986,666986_2023-08-17,0,vis,1.628097883989454,-0.9925424184383534,0.47005737050171237,false,vis,0.8
666986,666986_2023-08-17,0,vis,1.628097883989454,-0.9925424184383534,0.47005737050171237,false,aud,0.7
666986,666986_2023-08-17,1,aud,0.022032473687225718,2.952304744969595,2.5362607764825453,false,aud,1.0
666986,666986_2023-08-17,1,aud,0.022032473687225718,2.952304744969595,2.5362607764825453,false,vis,0.21052631578947367
666986,666986_2023-08-17,2,vis,3.376518023073718,0.022032473687225718,2.734812363784779,false,aud,0.15789473684210525
666986,666986_2023-08-17,2,vis,3.376518023073718,0.022032473687225718,2.734812363784779,false,vis,1.0
666986,666986_2023-08-17,3,aud,-0.31511035758858164,2.3861650567058104,2.2360758192177697,false,aud,1.0
666986,666986_2023-08-17,3,aud,-0.31511035758858164,2.3861650567058104,2.2360758192177697,false,vis,0.3
666986,666986_2023-08-17,4,vis,3.9335920256386996,0.0,1.87937590170128,false,vis,1.0
666986,666986_2023-08-17,4,vis,3.9335920256386996,0.0,1.87937590170128,false,aud,0.5555555555555556
666986,666986_2023-08-17,5,aud,-0.31511035758858164,3.722140104578902,3.0901823001256123,false,aud,1.0
666986,666986_2023-08-17,5,aud,-0.31511035758858164,3.722140104578902,3.0901823001256123,false,vis,0.15
667252,667252_2023-09-25,0,aud,-0.7875821304768209,2.4221545981089556,3.288953651966607,true,aud,1.0
667252,667252_2023-09-25,0,aud,-0.7875821304768209,2.4221545981089556,3.288953651966607,true,vis,0.10526315789473684
667252,667252_2023-09-25,1,vis,3.6184753819936213,-0.37320503949103,2.8583452909921228,true,vis,1.0
667252,667252_2023-09-25,1,vis,3.6184753819936213,-0.37320503949103,2.8583452909921228,true,aud,0.21052631578947367
667252,667252_2023-09-25,2,aud,-0.24465633338195714,3.34390488927522,2.67958556289944,true,vis,0.17647058823529413
667252,667252_2023-09-25,2,aud,-0.24465633338195714,3.34390488927522,2.67958556289944,true,aud,1.0
667252,667252_2023-09-25,3,vis,3.324883214145296,-0.3401077259017846,3.6916283806622996,true,aud,0.0
667252,667252_2023-09-25,3,vis,3.324883214145296,-0.3401077259017846,3.6916283806622996,true,vis,1.0
667252,667252_2023-09-26,0,vis,3.96825473568738,0.0,3.335300476176423,false,vis,1.0
667252,667252_2023-09-26,0,vis,3.96825473568738,0.0,3.335300476176423,false,aud,0.1
667252,667252_2023-09-26,1,aud,-0.3212870070325067,2.963794826774948,1.2809480072142714,false,vis,0.6666666666666666
667252,667252_2023-09-26,1,aud,-0.3212870070325067,2.963794826774948,1.2809480072142714,false,aud,1.0
667252,667252_2023-09-26,2,vis,3.9335920256386996,-0.3212870070325067,2.7837958743695292,false,vis,1.0
667252,667252_2023-09-26,2,vis,3.9335920256386996,-0.3212870070325067,2.7837958743695292,false,aud,0.2222222222222222
667252,667252_2023-09-26,3,aud,-0.6938654762082073,3.245795850862275,1.7116753065097288,false,vis,0.5
667252,667252_2023-09-26,3,aud,-0.6938654762082073,3.245795850862275,1.7116753065097288,false,aud,1.0
667252,667252_2023-09-26,4,vis,3.335300476176423,-0.9568160168775208,1.379259160435741,false,vis,1.0
667252,667252_2023-09-26,4,vis,3.335300476176423,-0.9568160168775208,1.379259160435741,false,aud,0.75
667252,667252_2023-09-26,5,aud,-1.1929835410732141,2.963794826774948,1.4294591594472206,false,aud,1.0
667252,667252_2023-09-26,5,aud,-1.1929835410732141,2.963794826774948,1.4294591594472206,false,vis,0.6111111111111112
667252,667252_2023-09-28,0,vis,3.938355079958809,-0.7276743922997388,3.593642387129031,false,vis,1.0
667252,667252_2023-09-28,0,vis,3.938355079958809,-0.7276743922997388,3.593642387129031,false,aud,0.05555555555555555
667252,667252_2023-09-28,1,aud,-0.7276743922997388,3.6716392910497833,2.301131104359507,false,vis,0.2777777777777778
667252,667252_2023-09-28,1,aud,-0.7276743922997388,3.6716392910497833,2.301131104359507,false,aud,1.0
667252,667252_2023-09-28,2,vis,2.83917648023298,-0.7231430191791293,1.1200851234009188,false,aud,0.4666666666666667
667252,667252_2023-09-28,2,vis,2.83917648023298,-0.7231430191791293,1.1200851234009188,false,vis,0.8666666666666667
667252,667252_2023-09-28,3,aud,-0.26918816445411586,2.6552421468433605,2.2340994997830785,false,vis,0.4
667252,667252_2023-09-28,3,aud,-0.26918816445411586,2.6552421468433605,2.2340994997830785,false,aud,1.0
667252,667252_2023-09-28,4,vis,3.4818383426913035,-0.3884240142894051,2.2037602275876456,false,vis,1.0
667252,667252_2023-09-28,4,vis,3.4818383426913035,-0.3884240142894051,2.2037602275876456,false,aud,0.4117647058823529
667252,667252_2023-09-28,5,aud,-0.7519602507848662,2.8552226267028975,1.9870305579114542,false,vis,0.375
667252,667252_2023-09-28,5,aud,-0.7519602507848662,2.8552226267028975,1.9870305579114542,false,aud,1.0
668755,668755_2023-08-28,0,aud,-0.3401077259017846,1.87937590170128,2.8607074341560566,true,vis,0.2
668755,668755_2023-08-28,0,aud,-0.3401077259017846,1.87937590170128,2.8607074341560566,true,aud,1.0
668755,668755_2023-08-28,1,vis,2.801393246221684,-0.7641564446795495,-0.2238841954706583,true,vis,1.0
668755,668755_2023-08-28,1,vis,2.801393246221684,-0.7641564446795495,-0.2238841954706583,true,aud,1.0
668755,668755_2023-08-28,2,aud,0.0,3.2623039621918792,1.013330830545578,true,vis,0.8333333333333334
668755,668755_2023-08-28,2,aud,0.0,3.2623039621918792,1.013330830545578,true,aud,1.0
668755,668755_2023-08-28,3,vis,3.6736051692700924,-0.31511035758858164,1.8004018074960229,true,aud,0.6
668755,668755_2023-08-28,3,vis,3.6736051692700924,-0.31511035758858164,1.8004018074960229,true,vis,1.0
668755,668755_2023-08-28,4,aud,-0.2930778839013559,2.5732856296951594,2.983783916387465,true,aud,1.0
668755,668755_2023-08-28,4,aud,-0.2930778839013559,2.5732856296951594,2.983783916387465,true,vis,0.10526315789473684
668755,668755_2023-08-28,5,vis,3.9967981162414423,-0.36674516651700384,1.9111727848463136,true,aud,0.55
668755,668755_2023-08-28,5,vis,3.9967981162414423,-0.36674516651700384,1.9111727848463136,true,vis,1.0
668755,668755_2023-08-31,0,vis,3.9335920256386996,-1.0849135799731298,1.297563916600799,false,aud,0.7647058823529411
668755,668755_2023-08-31,0,vis,3.9335920256386996,-1.0849135799731298,1.297563916600799,false,vis,1.0
668755,668755_2023-08-31,1,aud,-1.2665842371233422,2.501359069669142,1.5825720407115,false,vis,0.6470588235294118
668755,668755_2023-08-31,1,aud,-1.2665842371233422,2.501359069669142,1.5825720407115,false,aud,1.0
668755,668755_2023-08-31,2,vis,3.9916804214846513,0.04545815948449716,2.48447620992728,false,aud,0.3333333333333333
668755,668755_2023-08-31,2,vis,3.9916804214846513,0.04545815948449716,2.48447620992728,false,vis,1.0
668755,668755_2023-08-31,3,aud,-1.1929835410732141,2.877453062340717,1.6906216295848986,false,aud,1.0
668755,668755_2023-08-31,3,aud,-1.1929835410732141,2.877453062340717,1.6906216295848986,false,vis,0.5
668755,668755_2023-08-31,4,vis,3.0132159616668455,-0.9568160168775208,1.4783172929864457,false,aud,0.6
668755,668755_2023-08-31,4,vis,3.0132159616668455,-0.9568160168775208,1.4783172929864457,false,vis,1.0
668755,668755_2023-08-31,5,aud,-0.022032473687225718,2.533254563962773,2.5781494233398634,false,vis,0.3
668755,668755_2023-08-31,5,aud,-0.022032473687225718,2.533254563962773,2.5781494233398634,false,aud,1.0
681532,681532_2023-10-16,0,vis,3.96825473568738,0.0,3.6184753819936213,false,aud,0.058823529411764705
681532,681532_2023-10-16,0,vis,3.96825473568738,0.0,3.6184753819936213,false,vis,1.0
681532,681532_2023-10-16,1,aud,0.0,0.7937826509898483,1.6173938831814445,false,aud,1.0
681532,681532_2023-10-16,1,aud,0.0,0.7937826509898483,1.6173938831814445,false,vis,0.3888888888888889
681532,681532_2023-10-16,2,vis,3.957017711435971,0.0,2.9062327596020183,false,vis,1.0
681532,681532_2023-10-16,2,vis,3.957017711435971,0.0,2.9062327596020183,false,aud,0.1875
681532,681532_2023-10-16,3,aud,0.0,1.87937590170128,2.092877474391415,false,vis,0.47058823529411764
681532,681532_2023-10-16,3,aud,0.0,1.87937590170128,2.092877474391415,false,aud,1.0
681532,681532_2023-10-16,4,vis,1.3771224772688382,-0.335898769695806,0.12960152511827283,false,aud,0.23809523809523808
681532,681532_2023-10-16,4,vis,1.3771224772688382,-0.335898769695806,0.12960152511827283,false,vis,0.15
681532,681532_2023-10-16,5,aud,-0.3401077259017846,0.6503957437417198,0.04197550628403679,false,vis,0.15
681532,681532_2023-10-16,5,aud,-0.3401077259017846,0.6503957437417198,0.04197550628403679,false,aud,0.1
681532,681532_2023-10-18,0,vis,3.6469677286548734,-0.7393236356927044,2.728238660827904,false,vis,1.0
681532,681532_2023-10-18,0,vis,3.6469677286548734,-0.7393236356927044,2.728238660827904,false,aud,0.25
681532,681532_2023-10-18,1,aud,-0.9856063334082866,2.162391695417703,1.8713746950041075,false,vis,0.4444444444444444
681532,681532_2023-10-18,1,aud,-0.9856063334082866,2.162391695417703,1.8713746950041075,false,aud,1.0
681532,681532_2023-10-18,2,vis,2.3861650567058104,-0.36164592137762663,2.598821865528605,false,aud,0.1875
681532,681532_2023-10-18,2,vis,2.3861650567058104,-0.36164592137762663,2.598821865528605,false,vis,1.0
681532,681532_2023-10-18,3,aud,-1.3481148752043421,2.8985067392655472,2.2530703916388166,false,aud,1.0
681532,681532_2023-10-18,3,aud,-1.3481148752043421,2.8985067392655472,2.2530703916388166,false,vis,0.29411764705882354
681532,681532_2023-10-18,4,vis,3.2764017778715275,-0.39523751317825573,2.3861650567058104,false,aud,0.25
681532,681532_2023-10-18,4,vis,3.2764017778715275,-0.39523751317825573,2.3861650567058104,false,vis,1.0
681532,681532_2023-10-18,5,aud,-1.0111044829958158,2.0565096222799912,0.8564210197010849,false,aud,0.8666666666666667
681532,681532_2023-10-18,5,aud,-1.0111044829958158,2.0565096222799912,0.8564210197010849,false,vis,0.5714285714285714
686176,686176_2023-12-04,0,vis,2.2468839429574814,-0.9338323757743808,2.2468839429574814,false,aud,0.1875
686176,686176_2023-12-04,0,vis,2.2468839429574814,-0.9338323757743808,2.2468839429574814,false,vis,1.0
686176,686176_2023-12-04,1,aud,0.024995864722127337,2.6405747981569996,2.2530703916388166,false,vis,0.29411764705882354
686176,686176_2023-12-04,1,aud,0.024995864722127337,2.6405747981569996,2.2530703916388166,false,aud,1.0
686176,686176_2023-12-04,2,vis,3.288953651966607,-0.023425685797271445,2.1028459440772287,false,aud,0.47368421052631576
686176,686176_2023-12-04,2,vis,3.288953651966607,-0.023425685797271445,2.1028459440772287,false,vis,1.0
686176,686176_2023-12-04,3,aud,-0.9347835431902951,2.8184585844182095,0.801629390366603,false,vis,0.8947368421052632
686176,686176_2023-12-04,3,aud,-0.9347835431902951,2.8184585844182095,0.801629390366603,false,aud,1.0
686176,686176_2023-12-04,4,vis,3.0399820993639217,-0.3180752522145589,2.1028459440772287,false,vis,1.0
686176,686176_2023-12-04,4,vis,3.0399820993639217,-0.3180752522145589,2.1028459440772287,false,aud,0.47368421052631576
686176,686176_2023-12-04,5,aud,-0.32861132306910523,2.6749133193020618,2.00042356910598,false,vis,0.5
686176,686176_2023-12-04,5,aud,-0.32861132306910523,2.6749133193020618,2.00042356910598,false,aud,1.0
686176,686176_2023-12-07,0,aud,-0.3212870070325067,2.6085419984329206,3.2397265494304923,true,vis,0.1111111111111111
686176,686176_2023-12-07,0,aud,-0.3212870070325067,2.6085419984329206,3.2397265494304923,true,aud,1.0
686176,686176_2023-12-07,1,vis,3.3514533964396516,-0.020788412107224374,2.946044680141892,true,vis,1.0
686176,686176_2023-12-07,1,vis,3.3514533964396516,-0.020788412107224374,2.946044680141892,true,aud,0.19047619047619047
686176,686176_2023-12-07,2,aud,-1.3481148752043421,1.7116753065097288,1.488667475569362,true,aud,1.0
686176,686176_2023-12-07,2,aud,-1.3481148752043421,1.7116753065097288,1.488667475569362,true,vis,0.5882352941176471
686176,686176_2023-12-07,3,vis,3.0399820993639217,-1.3042915100731278,1.9708223193255472,true,vis,1.0
686176,686176_2023-12-07,3,vis,3.0399820993639217,-1.3042915100731278,1.9708223193255472,true,aud,0.5263157894736842
686176,686176_2023-12-07,4,aud,-1.91167676591495,2.3919121837067854,1.4587826610379726,true,aud,1.0
686176,686176_2023-12-07,4,aud,-1.91167676591495,2.3919121837067854,1.4587826610379726,true,vis,0.6666666666666666
686176,686176_2023-12-07,5,vis,3.2743892594791726,-0.3401077259017846,2.5781494233398634,true,aud,0.3
686176,686176_2023-12-07,5,vis,3.2743892594791726,-0.3401077259017846,2.5781494233398634,true,vis,1.0
686740,686740_2023-10-24,0,aud,-0.2930778839013559,2.670474132481089,1.5573284783704375,true,aud,1.0
686740,686740_2023-10-24,0,aud,-0.2930778839013559,2.670474132481089,1.5573284783704375,true,vis,0.6842105263157895
686740,686740_2023-10-24,1,vis,3.395539698203642,0.0,2.27508658396021,true,aud,0.3
686740,686740_2023-10-24,1,vis,3.395539698203642,0.0,2.27508658396021,true,vis,1.0
686740,686740_2023-10-24,2,aud,-0.6938654762082073,3.6496068173625575,1.993891453572237,true,aud,1.0
686740,686740_2023-10-24,2,aud,-0.6938654762082073,3.6496068173625575,1.993891453572237,true,vis,0.3888888888888889
686740,686740_2023-10-24,3,vis,3.6401960315855995,-0.6938654762082073,2.7181076373538704,true,aud,0.16666666666666666
686740,686740_2023-10-24,3,vis,3.6401960315855995,-0.6938654762082073,2.7181076373538704,true,vis,1.0
686740,686740_2023-10-24,4,aud,-1.2634417606567472,2.734812363784779,1.797676208498086,true,aud,1.0
686740,686740_2023-10-24,4,aud,-1.2634417606567472,2.734812363784779,1.797676208498086,true,vis,0.47368421052631576
686740,686740_2023-10-24,5,vis,2.159167639955913,-1.4200693430016618,1.4966602027334108,true,aud,0.5384615384615384
686740,686740_2023-10-24,5,vis,2.159167639955913,-1.4200693430016618,1.4966602027334108,true,vis,0.9230769230769231
686740,686740_2023-10-25,0,vis,3.951339956756945,-0.3447126928297781,3.9747656425542166,false,aud,0.0
686740,686740_2023-10-25,0,vis,3.951339956756945,-0.3447126928297781,3.9747656425542166,false,vis,1.0
686740,686740_2023-10-25,1,aud,-0.31511035758858164,2.7871194607459593,1.8763474181072433,false,vis,0.45
686740,686740_2023-10-25,1,aud,-0.31511035758858164,2.7871194607459593,1.8763474181072433,false,aud,1.0
686740,686740_2023-10-25,2,vis,2.0969957729172966,-0.8780724355617675,1.2809480072142714,false,aud,0.6666666666666666
686740,686740_2023-10-25,2,vis,2.0969957729172966,-0.8780724355617675,1.2809480072142714,false,vis,1.0
686740,686740_2023-10-25,3,aud,-1.0507849518339527,3.26161001197013,0.04853493530880937,false,vis,0.9473684210526315
686740,686740_2023-10-25,3,aud,-1.0507849518339527,3.26161001197013,0.04853493530880937,false,aud,1.0
686740,686740_2023-10-25,4,vis,3.612305018606193,0.023425685797271445,2.4498134998785996,false,vis,1.0
686740,686740_2023-10-25,4,vis,3.612305018606193,0.023425685797271445,2.4498134998785996,false,aud,0.3333333333333333
686740,686740_2023-10-25,5,aud,-0.7393236356927044,2.6790968726114297,1.0371855563136472,false,vis,0.75
686740,686740_2023-10-25,5,aud,-0.7393236356927044,2.6790968726114297,1.0371855563136472,false,aud,1.0
686740,686740_2023-10-26,0,aud,-0.3401077259017846,3.3565289334612016,1.8373366533648028,true,vis,0.45
686740,686740_2023-10-26,0,aud,-0.3401077259017846,3.3565289334612016,1.8373366533648028,true,aud,1.0
686740,686740_2023-10-26,1,vis,2.932315655357079,0.0,1.9108766312989958,true,vis,1.0
686740,686740_2023-10-26,1,vis,2.932315655357079,0.0,1.9108766312989958,true,aud,0.42105263157894735
686740,686740_2023-10-26,2,aud,-0.2930778839013559,3.6015606030631866,1.9708223193255472,true,vis,0.5263157894736842
686740,686740_2023-10-26,2,aud,-0.2930778839013559,3.6015606030631866,1.9708223193255472,true,aud,1.0
686740,686740_2023-10-26,3,vis,3.4413077008370667,0.020788412107224374,3.395539698203642,true,vis,1.0
686740,686740_2023-10-26,3,vis,3.4413077008370667,0.020788412107224374,3.395539698203642,true,aud,0.05
686740,686740_2023-10-26,4,aud,-0.31511035758858164,3.6986025375832954,2.895370144204737,true,vis,0.2
686740,686740_2023-10-26,4,aud,-0.31511035758858164,3.6986025375832954,2.895370144204737,true,aud,1.0
686740,686740_2023-10-26,5,vis,3.0399820993639217,-0.3447126928297781,2.670474132481089,true,aud,0.2631578947368421
686740,686740_2023-10-26,5,vis,3.0399820993639217,-0.3447126928297781,2.670474132481089,true,vis,1.0
690706,690706_2023-11-28,0,aud,-0.37320503949103,3.022234168245676,1.539580547252192,true,vis,0.6842105263157895
690706,690706_2023-11-28,0,aud,-0.37320503949103,3.022234168245676,1.539580547252192,true,aud,1.0
690706,690706_2023-11-28,1,vis,3.5345441134585265,-0.3447126928297781,2.066435381481821,true,vis,1.0
690706,690706_2023-11-28,1,vis,3.5345441134585265,-0.3447126928297781,2.066435381481821,true,aud,0.47368421052631576
690706,690706_2023-11-28,2,aud,-0.03391805222048383,1.8475003874774636,0.4899129578012258,true,vis,0.7857142857142857
690706,690706_2023-11-28,2,aud,-0.03391805222048383,1.8475003874774636,0.4899129578012258,true,aud,0.9333333333333333
690706,690706_2023-11-28,3,vis,2.425175821448251,0.022032473687225718,2.0867242116239924,true,aud,0.3684210526315789
690706,690706_2023-11-28,3,vis,2.425175821448251,0.022032473687225718,2.0867242116239924,true,vis,1.0
690706,690706_2023-11-28,4,aud,-0.34977935369375857,3.8146670324631935,1.2160427228608919,true,aud,1.0
690706,690706_2023-11-28,4,aud,-0.34977935369375857,3.8146670324631935,1.2160427228608919,true,vis,0.7777777777777778
690706,690706_2023-11-28,5,vis,3.6566903903396577,-0.04545815948449716,2.7113238818974694,true,aud,0.25
690706,690706_2023-11-28,5,vis,3.6566903903396577,-0.04545815948449716,2.7113238818974694,true,vis,1.0
690706,690706_2023-11-30,0,aud,0.020788412107224374,3.3629206274175996,2.1794102574868965,true,aud,1.0
690706,690706_2023-11-30,0,aud,0.020788412107224374,3.3629206274175996,2.1794102574868965,true,vis,0.45
690706,690706_2023-11-30,1,vis,3.7106500557922235,-0.0704540242066245,3.0322376367967694,true,aud,0.1
690706,690706_2023-11-30,1,vis,3.7106500557922235,-0.0704540242066245,3.0322376367967694,true,vis,1.0
690706,690706_2023-11-30,2,aud,-0.7026785275776115,2.142402605805186,1.3342833626811748,true,aud,1.0
690706,690706_2023-11-30,2,aud,-0.7026785275776115,2.142402605805186,1.3342833626811748,true,vis,0.6470588235294118
690706,690706_2023-11-30,3,vis,4.013712895171877,-0.3401077259017846,2.307096013767622,true,aud,0.4
690706,690706_2023-11-30,3,vis,4.013712895171877,-0.3401077259017846,2.307096013767622,true,vis,1.0
690706,690706_2023-11-30,4,aud,-0.632954259510957,3.6566903903396577,0.8161937828540382,true,aud,1.0
690706,690706_2023-11-30,4,aud,-0.632954259510957,3.6566903903396577,0.8161937828540382,true,vis,0.8888888888888888
690706,690706_2023-11-30,5,vis,3.370542329890439,0.0,2.753834038914703,true,vis,1.0
690706,690706_2023-11-30,5,vis,3.370542329890439,0.0,2.753834038914703,true,aud,0.15789473684210525
702131,702131_2024-02-26,0,vis,3.2210639179533302,-0.32478348897163123,3.88993352943941,false,aud,0.0
702131,702131_2024-02-26,0,vis,3.2210639179533302,-0.32478348897163123,3.88993352943941,false,vis,1.0
702131,702131_2024-02-26,1,aud,-0.3447126928297781,1.4752612343526152,1.3211268869038646,false,aud,0.8
702131,702131_2024-02-26,1,aud,-0.3447126928297781,1.4752612343526152,1.3211268869038646,false,vis,0.3157894736842105
702131,702131_2024-02-26,2,vis,2.580377732785956,-1.4837785257600997,1.9491931817883839,false,vis,1.0
702131,702131_2024-02-26,2,vis,2.580377732785956,-1.4837785257600997,1.9491931817883839,false,aud,0.2777777777777778
702131,702131_2024-02-26,3,aud,-1.6539022660232094,0.6861706983323564,1.3357712541723485,false,vis,0.4666666666666667
702131,702131_2024-02-26,3,aud,-1.6539022660232094,0.6861706983323564,1.3357712541723485,false,aud,1.0
702131,702131_2024-02-26,4,vis,2.321120193972024,-2.1125177912737967,1.9546722270626122,false,vis,1.0
702131,702131_2024-02-26,4,vis,2.321120193972024,-2.1125177912737967,1.9546722270626122,false,aud,0.4117647058823529
702131,702131_2024-02-26,5,aud,-1.403187336520457,1.1015391957518954,1.712278864840058,false,vis,0.3333333333333333
702131,702131_2024-02-26,5,aud,-1.403187336520457,1.1015391957518954,1.712278864840058,false,aud,1.0
703880,703880_2024-04-15,0,vis,2.634453734736136,-0.023425685797271445,1.9266092704613014,false,vis,0.6842105263157895
703880,703880_2024-04-15,0,vis,2.634453734736136,-0.023425685797271445,1.9266092704613014,false,aud,0.10526315789473684
703880,703880_2024-04-15,1,aud,-0.3401077259017846,1.8845772136405832,2.4415049498034227,false,vis,0.15
703880,703880_2024-04-15,1,aud,-0.3401077259017846,1.8845772136405832,2.4415049498034227,false,aud,0.95
703880,703880_2024-04-15,2,vis,2.427662783654563,-0.2930778839013559,0.8037369394863316,false,vis,0.75
703880,703880_2024-04-15,2,vis,2.427662783654563,-0.2930778839013559,0.8037369394863316,false,aud,0.3684210526315789
703880,703880_2024-04-15,3,aud,-0.31511035758858164,3.0211704767335235,2.4390693770393903,false,aud,1.0
703880,703880_2024-04-15,3,aud,-0.31511035758858164,3.0211704767335235,2.4390693770393903,false,vis,0.35
703880,703880_2024-04-15,4,vis,2.779552744425743,-0.21787824047017867,1.516110983768996,false,aud,0.25
703880,703880_2024-04-15,4,vis,2.779552744425743,-0.21787824047017867,1.516110983768996,false,vis,0.8
703880,703880_2024-04-15,5,aud,-0.2696521981040845,3.376518023073718,2.162391695417703,false,vis,0.3333333333333333
703880,703880_2024-04-15,5,aud,-0.2696521981040845,3.376518023073718,2.162391695417703,false,aud,1.0
708016,708016_2024-04-29,0,aud,-0.34977935369375857,1.7845639258333343,3.238072444974523,true,vis,0.05555555555555555
708016,708016_2024-04-29,0,aud,-0.34977935369375857,1.7845639258333343,3.238072444974523,true,aud,0.9333333333333333
708016,708016_2024-04-29,1,vis,2.8991652569154414,-0.29629114231037934,1.4138253333223436,true,vis,1.0
708016,708016_2024-04-29,1,vis,2.8991652569154414,-0.29629114231037934,1.4138253333223436,true,aud,0.35294117647058826
708016,708016_2024-04-29,2,aud,-0.022032473687225718,1.8624997804315884,1.7683145935082059,true,aud,0.9473684210526315
708016,708016_2024-04-29,2,aud,-0.022032473687225718,1.8624997804315884,1.7683145935082059,true,vis,0.35
708016,708016_2024-04-29,3,vis,3.626181131565286,0.023425685797271445,2.6790968726114297,true,aud,0.16666666666666666
708016,708016_2024-04-29,3,vis,3.626181131565286,0.023425685797271445,2.6790968726114297,true,vis,1.0
708016,708016_2024-04-29,4,aud,0.0,3.1213194345099637,3.0901823001256123,true,aud,1.0
708016,708016_2024-04-29,4,aud,0.0,3.1213194345099637,3.0901823001256123,true,vis,0.15
708016,708016_2024-04-29,5,vis,3.665191896307727,0.0,2.5923073048250833,true,aud,0.2
708016,708016_2024-04-29,5,vis,3.665191896307727,0.0,2.5923073048250833,true,vis,1.0
712815,712815_2024-05-21,0,aud,0.04545815948449716,2.5612346444094287,1.6061068324059304,true,aud,1.0
712815,712815_2024-05-21,0,aud,0.04545815948449716,2.5612346444094287,1.6061068324059304,true,vis,0.6666666666666666
712815,712815_2024-05-21,1,vis,3.6736051692700924,0.022032473687225718,1.4201089098521216,true,vis,1.0
712815,712815_2024-05-21,1,vis,3.6736051692700924,0.022032473687225718,1.4201089098521216,true,aud,0.7368421052631579
712815,712815_2024-05-21,2,aud,0.0,2.372872272073211,0.12232830664583094,true,vis,1.0
712815,712815_2024-05-21,2,aud,0.0,2.372872272073211,0.12232830664583094,true,aud,1.0
712815,712815_2024-05-21,3,vis,3.881818068004794,-0.02677809291177846,1.4776911154540544,true,aud,0.7058823529411765
712815,712815_2024-05-21,3,vis,3.881818068004794,-0.02677809291177846,1.4776911154540544,true,vis,1.0
712815,712815_2024-05-21,4,aud,0.022032473687225718,3.6816877586528607,1.5573284783704375,true,vis,0.6842105263157895
712815,712815_2024-05-21,4,aud,0.022032473687225718,3.6816877586528607,1.5573284783704375,true,aud,1.0
712815,712815_2024-05-21,5,vis,3.9149293941615375,0.023425685797271445,2.140133867987842,true,vis,1.0
712815,712815_2024-05-21,5,vis,3.9149293941615375,0.023425685797271445,2.140133867987842,true,aud,0.4444444444444444
712815,712815_2024-05-22,0,vis,3.9603875536460347,-0.022032473687225718,2.385744035513548,false,vis,1.0
712815,712815_2024-05-22,0,vis,3.9603875536460347,-0.022032473687225718,2.385744035513548,false,aud,0.35
712815,712815_2024-05-22,1,aud,0.0,2.3843260720318704,2.425175821448251,false,vis,0.25
712815,712815_2024-05-22,1,aud,0.0,2.3843260720318704,2.425175821448251,false,aud,0.95
712815,712815_2024-05-22,2,vis,3.376518023073718,-0.6784124189954541,2.256064908830286,false,vis,0.9473684210526315
712815,712815_2024-05-22,2,vis,3.376518023073718,-0.6784124189954541,2.256064908830286,false,aud,0.3
712815,712815_2024-05-22,3,aud,0.020788412107224374,3.3629206274175996,1.6684284442242547,false,aud,1.0
712815,712815_2024-05-22,3,aud,0.020788412107224374,3.3629206274175996,1.6684284442242547,false,vis,0.65
712815,712815_2024-05-22,4,vis,3.324883214145296,-0.31511035758858164,1.985011499258045,false,aud,0.4
712815,712815_2024-05-22,4,vis,3.324883214145296,-0.31511035758858164,1.985011499258045,false,vis,0.9473684210526315
712815,712815_2024-05-22,5,aud,0.04545815948449716,1.954945760736308,0.18292781427430682,false,aud,0.8947368421052632
712815,712815_2024-05-22,5,aud,0.04545815948449716,1.954945760736308,0.18292781427430682,false,vis,0.8333333333333334
713655,713655_2024-08-05,0,aud,-0.0517739576339058,1.278901285123637,2.140133867987842,true,aud,1.0
713655,713655_2024-08-05,0,aud,-0.0517739576339058,1.278901285123637,2.140133867987842,true,vis,0.4444444444444444
713655,713655_2024-08-05,1,vis,3.6011852668431588,-0.7172911620054787,2.516271686870029,true,aud,0.21052631578947367
713655,713655_2024-08-05,1,vis,3.6011852668431588,-0.7172911620054787,2.516271686870029,true,vis,1.0
713655,713655_2024-08-05,2,aud,-0.632954259510957,0.8389486516942672,1.1749867920660904,true,aud,0.9
713655,713655_2024-08-05,2,aud,-0.632954259510957,0.8389486516942672,1.1749867920660904,true,vis,0.5
713655,713655_2024-08-05,3,vis,3.0042556978030888,-0.04842155051939878,3.6566903903396577,true,aud,0.05263157894736842
713655,713655_2024-08-05,3,vis,3.0042556978030888,-0.04842155051939878,3.6566903903396577,true,vis,1.0
713655,713655_2024-08-05,4,aud,-0.6835652554399068,0.6852476337425238,1.4433891178457345,true,aud,0.9444444444444444
713655,713655_2024-08-05,4,aud,-0.6835652554399068,0.6852476337425238,1.4433891178457345,true,vis,0.4666666666666667
713655,713655_2024-08-05,5,vis,3.2819751346505806,0.09723211711840296,3.150772949481988,true,vis,1.0
713655,713655_2024-08-05,5,vis,3.2819751346505806,0.09723211711840296,3.150772949481988,true,aud,0.125
713655,713655_2024-08-06,0,vis,3.257474480548738,0.022032473687225718,3.9747656425542166,false,aud,0.0
713655,713655_2024-08-06,0,vis,3.257474480548738,0.022032473687225718,3.9747656425542166,false,vis,1.0
713655,713655_2024-08-06,1,aud,-0.3180752522145589,1.2809480072142714,2.191180959840679,false,aud,1.0
713655,713655_2024-08-06,1,aud,-0.3180752522145589,1.2809480072142714,2.191180959840679,false,vis,0.3157894736842105
713655,713655_2024-08-06,2,vis,3.6916283806622996,-0.022032473687225718,3.376518023073718,false,aud,0.05
713655,713655_2024-08-06,2,vis,3.6916283806622996,-0.022032473687225718,3.376518023073718,false,vis,1.0
713655,713655_2024-08-06,3,aud,-0.6507922677542775,1.3653656048446015,1.7506860712521692,false,aud,1.0
713655,713655_2024-08-06,3,aud,-0.6507922677542775,1.3653656048446015,1.7506860712521692,false,vis,0.5
713655,713655_2024-08-06,4,vis,2.6085419984329206,-0.3884240142894051,3.2059176333389607,false,aud,0.11764705882352941
713655,713655_2024-08-06,4,vis,2.6085419984329206,-0.3884240142894051,3.2059176333389607,false,vis,1.0
713655,713655_2024-08-06,5,aud,-0.632954259510957,1.9498873960414362,2.3401418691019478,false,aud,1.0
713655,713655_2024-08-06,5,aud,-0.632954259510957,1.9498873960414362,2.3401418691019478,false,vis,0.2777777777777778
713655,713655_2024-08-07,0,aud,0.020788412107224374,1.0173155211380327,2.728238660827904,true,aud,1.0
713655,713655_2024-08-07,0,aud,0.020788412107224374,1.0173155211380327,2.728238660827904,true,vis,0.25
713655,713655_2024-08-07,1,vis,4.013712895171877,-0.020788412107224374,3.3629206274175996,true,vis,1.0
713655,713655_2024-08-07,1,vis,4.013712895171877,-0.020788412107224374,3.3629206274175996,true,aud,0.09523809523809523
713655,713655_2024-08-07,2,aud,0.0,1.7506860712521692,3.0322376367967694,true,vis,0.1
713655,713655_2024-08-07,2,aud,0.0,1.7506860712521692,3.0322376367967694,true,aud,1.0
713655,713655_2024-08-07,3,vis,3.9186839075001076,-0.2930778839013559,3.232871916912498,true,vis,1.0
713655,713655_2024-08-07,3,vis,3.9186839075001076,-0.2930778839013559,3.232871916912498,true,aud,0.10526315789473684
713655,713655_2024-08-07,4,aud,0.024995864722127337,2.0545436704555518,2.3581443404758327,true,aud,1.0
713655,713655_2024-08-07,4,aud,0.024995864722127337,2.0545436704555518,2.3581443404758327,true,vis,0.35294117647058826
713655,713655_2024-08-07,5,vis,3.2963908674840443,-0.8780724355617675,2.4963740699086325,true,vis,1.0
713655,713655_2024-08-07,5,vis,3.2963908674840443,-0.8780724355617675,2.4963740699086325,true,aud,0.2222222222222222
713655,713655_2024-08-08,0,vis,3.9747656425542166,-0.022032473687225718,3.318385697245988,false,vis,1.0
713655,713655_2024-08-08,0,vis,3.9747656425542166,-0.022032473687225718,3.318385697245988,false,aud,0.1
713655,713655_2024-08-08,1,aud,-0.10401687503691415,1.016538372154561,1.5343790609082033,false,vis,0.42105263157894735
713655,713655_2024-08-08,1,aud,-0.10401687503691415,1.016538372154561,1.5343790609082033,false,aud,1.0
713655,713655_2024-08-08,2,vis,3.6496068173625575,-0.39523751317825573,2.2360758192177697,false,vis,1.0
713655,713655_2024-08-08,2,vis,3.6496068173625575,-0.39523751317825573,2.2360758192177697,false,aud,0.3
713655,713655_2024-08-08,3,aud,-0.023425685797271445,1.408969009927209,1.2691659237430957,false,aud,0.9411764705882353
713655,713655_2024-08-08,3,aud,-0.023425685797271445,1.408969009927209,1.2691659237430957,false,vis,0.5263157894736842
713655,713655_2024-08-08,4,vis,4.013712895171877,-0.29157279059297503,3.335300476176423,false,vis,1.0
713655,713655_2024-08-08,4,vis,4.013712895171877,-0.29157279059297503,3.335300476176423,false,aud,0.1
713655,713655_2024-08-08,5,aud,-0.36674516651700384,0.6089542952469199,1.0246880335209336,false,vis,0.55
713655,713655_2024-08-08,5,aud,-0.36674516651700384,0.6089542952469199,1.0246880335209336,false,aud,0.8947368421052632
713655,713655_2024-08-09,0,aud,-0.29800539605985277,0.830403016271271,2.299391760611654,true,vis,0.375
713655,713655_2024-08-09,0,aud,-0.29800539605985277,0.830403016271271,2.299391760611654,true,aud,1.0
713655,713655_2024-08-09,1,vis,3.665191896307727,-0.6563799453082284,3.688617582104998,true,vis,1.0
713655,713655_2024-08-09,1,vis,3.665191896307727,-0.6563799453082284,3.688617582104998,true,aud,0.0
713655,713655_2024-08-09,2,aud,0.0,2.0969957729172966,3.3565289334612016,true,vis,0.05
713655,713655_2024-08-09,2,aud,0.0,2.0969957729172966,3.3565289334612016,true,aud,1.0
713655,713655_2024-08-09,3,vis,3.2838404476079495,-0.024995864722127337,2.6580431956865995,true,vis,1.0
713655,713655_2024-08-09,3,vis,3.2838404476079495,-0.024995864722127337,2.6580431956865995,true,aud,0.16666666666666666
713655,713655_2024-08-09,4,aud,-0.02677809291177846,2.8747703835676512,2.468382998300419,true,aud,0.9333333333333333
713655,713655_2024-08-09,4,aud,-0.02677809291177846,2.8747703835676512,2.468382998300419,true,vis,0.11764705882352941
713655,713655_2024-08-09,5,vis,3.3430030711624616,0.024995864722127337,2.5919029930654514,true,vis,0.95
713655,713655_2024-08-09,5,vis,3.3430030711624616,0.024995864722127337,2.5919029930654514,true,aud,0.11764705882352941
714748,714748_2024-06-24,0,vis,3.0677071268056766,-0.31511035758858164,3.431009188212549,false,aud,0.05
714748,714748_2024-06-24,0,vis,3.0677071268056766,-0.31511035758858164,3.431009188212549,false,vis,1.0
714748,714748_2024-06-24,1,aud,-0.04545815948449716,3.395539698203642,2.7871194607459593,false,aud,1.0
714748,714748_2024-06-24,1,aud,-0.04545815948449716,3.395539698203642,2.7871194607459593,false,vis,0.15
714748,714748_2024-06-24,2,vis,3.027847754052111,-0.3180752522145589,1.8624997804315884,false,aud,0.3157894736842105
714748,714748_2024-06-24,2,vis,3.027847754052111,-0.3180752522145589,1.8624997804315884,false,vis,1.0
714748,714748_2024-06-24,3,aud,0.020788412107224374,2.194183178454674,0.7586197066226604,false,aud,0.5454545454545454
714748,714748_2024-06-24,3,aud,0.020788412107224374,2.194183178454674,0.7586197066226604,false,vis,0.3
714748,714748_2024-06-24,4,vis,3.351520654760515,-0.6563799453082284,3.351520654760515,false,vis,1.0
714748,714748_2024-06-24,4,vis,3.351520654760515,-0.6563799453082284,3.351520654760515,false,aud,0.05263157894736842
714748,714748_2024-06-24,5,aud,0.0,3.669595906975074,2.6990859622239465,false,aud,1.0
714748,714748_2024-06-24,5,aud,0.0,3.669595906975074,2.6990859622239465,false,vis,0.16666666666666666
714748,714748_2024-06-26,0,vis,2.047713446881552,-0.04545815948449716,2.2360758192177697,false,aud,0.3
714748,714748_2024-06-26,0,vis,2.047713446881552,-0.04545815948449716,2.2360758192177697,false,vis,1.0
714748,714748_2024-06-26,1,aud,0.0,1.9783150518894637,1.200080026824108,false,aud,0.6
714748,714748_2024-06-26,1,aud,0.0,1.9783150518894637,1.200080026824108,false,vis,0.2
714748,714748_2024-06-26,2,vis,2.753834038914703,0.0,3.688617582104998,false,vis,1.0
714748,714748_2024-06-26,2,vis,2.753834038914703,0.0,3.688617582104998,false,aud,0.0
714748,714748_2024-06-26,3,aud,-0.022032473687225718,2.0360498851409448,0.6445433613252715,false,vis,0.4
714748,714748_2024-06-26,3,aud,-0.022032473687225718,2.0360498851409448,0.6445433613252715,false,aud,0.6111111111111112
714748,714748_2024-06-26,4,vis,2.7680977856160354,0.0,2.5732856296951594,false,vis,1.0
714748,714748_2024-06-26,4,vis,2.7680977856160354,0.0,2.5732856296951594,false,aud,0.2
714748,714748_2024-06-26,5,aud,0.023425685797271445,1.6105783135164133,1.3258803593528947,false,vis,0.16666666666666666
714748,714748_2024-06-26,5,aud,0.023425685797271445,1.6105783135164133,1.3258803593528947,false,aud,0.6
714748,714748_2024-06-27,0,aud,0.020788412107224374,2.425175821448251,3.395539698203642,true,vis,0.05
714748,714748_2024-06-27,0,aud,0.020788412107224374,2.425175821448251,3.395539698203642,true,aud,0.95
714748,714748_2024-06-27,1,vis,2.540633445835062,0.0,1.608222851273078,true,vis,0.9545454545454546
714748,714748_2024-06-27,1,vis,2.540633445835062,0.0,1.608222851273078,true,aud,0.23809523809523808
714748,714748_2024-06-27,2,aud,-0.023425685797271445,1.195792638549772,0.7272343985612949,true,aud,0.6111111111111112
714748,714748_2024-06-27,2,aud,-0.023425685797271445,1.195792638549772,0.7272343985612949,true,vis,0.3684210526315789
714748,714748_2024-06-27,3,vis,1.9599639845400545,-0.6507922677542775,-0.2533471031357997,true,aud,0.6
714748,714748_2024-06-27,3,vis,1.9599639845400545,-0.6507922677542775,-0.2533471031357997,true,vis,0.38095238095238093
714748,714748_2024-06-27,4,aud,0.020788412107224374,2.227695134222689,1.4244627408441304,true,vis,0.2
714748,714748_2024-06-27,4,aud,0.020788412107224374,2.227695134222689,1.4244627408441304,true,aud,0.65
714748,714748_2024-06-27,5,vis,1.6487387442766794,0.0,1.7137940294184169,true,aud,0.2777777777777778
714748,714748_2024-06-27,5,vis,1.6487387442766794,0.0,1.7137940294184169,true,vis,0.9444444444444444
714753,714753_2024-07-01,0,vis,2.367714853401572,-0.3212870070325067,1.5125682685496893,false,vis,0.7647058823529411
714753,714753_2024-07-01,0,vis,2.367714853401572,-0.3212870070325067,1.5125682685496893,false,aud,0.2222222222222222
714753,714753_2024-07-01,1,aud,-0.3180752522145589,1.958422083105307,0.6402907504642468,false,vis,0.5263157894736842
714753,714753_2024-07-01,1,aud,-0.3180752522145589,1.958422083105307,0.6402907504642468,false,aud,0.75
714753,714753_2024-07-01,2,vis,2.876745827729732,0.0,2.1256457496327217,false,vis,0.7777777777777778
714753,714753_2024-07-01,2,vis,2.876745827729732,0.0,2.1256457496327217,false,aud,0.11764705882352941
714753,714753_2024-07-01,3,aud,-0.3212870070325067,2.6790968726114297,2.932315655357079,false,aud,1.0
714753,714753_2024-07-01,3,aud,-0.3212870070325067,2.6790968726114297,2.932315655357079,false,vis,0.1111111111111111
714753,714753_2024-07-01,4,vis,1.7957532074607234,-0.3401077259017846,0.8722226124144589,false,aud,0.15
714753,714753_2024-07-01,4,vis,1.7957532074607234,-0.3401077259017846,0.8722226124144589,false,vis,0.3333333333333333
714753,714753_2024-07-01,5,aud,0.04545815948449716,1.7841817791852423,1.5457434853090959,false,aud,0.7777777777777778
714753,714753_2024-07-01,5,aud,0.04545815948449716,1.7841817791852423,1.5457434853090959,false,vis,0.2222222222222222
714753,714753_2024-07-02,0,aud,0.0,2.7661919430213118,3.0901823001256123,true,aud,1.0
714753,714753_2024-07-02,0,aud,0.0,2.7661919430213118,3.0901823001256123,true,vis,0.15
714753,714753_2024-07-02,1,vis,2.3452331243510147,-0.29464956641728746,1.0201830971452357,true,aud,0.2777777777777778
714753,714753_2024-07-02,1,vis,2.3452331243510147,-0.29464956641728746,1.0201830971452357,true,vis,0.631578947368421
714753,714753_2024-07-02,2,aud,0.0,2.030891272703543,2.030891272703543,true,aud,0.8
714753,714753_2024-07-02,2,aud,0.0,2.030891272703543,2.030891272703543,true,vis,0.15
714753,714753_2024-07-02,3,vis,3.6716392910497833,-0.2696521981040845,2.932315655357079,true,vis,1.0
714753,714753_2024-07-02,3,vis,3.6716392910497833,-0.2696521981040845,2.932315655357079,true,aud,0.1111111111111111
714753,714753_2024-07-02,4,aud,-0.0704540242066245,2.2760094487543534,1.6689476334058346,true,aud,0.9
714753,714753_2024-07-02,4,aud,-0.0704540242066245,2.2760094487543534,1.6689476334058346,true,vis,0.25
714753,714753_2024-07-02,5,vis,3.688617582104998,-0.022032473687225718,3.0322376367967694,true,vis,1.0
714753,714753_2024-07-02,5,vis,3.688617582104998,-0.022032473687225718,3.0322376367967694,true,aud,0.1
715710,715710_2024-07-15,0,vis,3.062269742421467,-1.7153045002662903,1.1243382315686385,false,aud,0.5
715710,715710_2024-07-15,0,vis,3.062269742421467,-1.7153045002662903,1.1243382315686385,false,vis,0.8888888888888888
715710,715710_2024-07-15,1,aud,-0.2696537016951601,0.40677730861642664,1.1943114049746106,false,aud,0.6470588235294118
715710,715710_2024-07-15,1,aud,-0.2696537016951601,0.40677730861642664,1.1943114049746106,false,vis,0.23529411764705882
715710,715710_2024-07-15,2,vis,3.7106500557922235,-1.2634417606567472,2.0867242116239924,false,aud,0.3684210526315789
715710,715710_2024-07-15,2,vis,3.7106500557922235,-1.2634417606567472,2.0867242116239924,false,vis,1.0
715710,715710_2024-07-15,3,aud,0.022032473687225718,0.054145778346532725,0.054145778346532725,false,aud,0.5
715710,715710_2024-07-15,3,aud,0.022032473687225718,0.054145778346532725,0.054145778346532725,false,vis,0.5789473684210527
715710,715710_2024-07-15,4,vis,3.565150040467779,-1.8484940126797167,1.4109677712562019,false,aud,0.7222222222222222
715710,715710_2024-07-15,4,vis,3.565150040467779,-1.8484940126797167,1.4109677712562019,false,vis,1.0
715710,715710_2024-07-15,5,aud,-0.023425685797271445,0.6936109322731812,1.6038438848995886,false,aud,0.8888888888888888
715710,715710_2024-07-15,5,aud,-0.023425685797271445,0.6936109322731812,1.6038438848995886,false,vis,0.3157894736842105
715710,715710_2024-07-16,0,aud,0.0,0.7552825661567875,2.319050278763896,true,aud,1.0
715710,715710_2024-07-16,0,aud,0.0,0.7552825661567875,2.319050278763896,true,vis,0.3888888888888889
715710,715710_2024-07-16,1,vis,2.461477492211184,-1.0310644928927837,0.5882741304371146,true,aud,0.6
715710,715710_2024-07-16,1,vis,2.461477492211184,-1.0310644928927837,0.5882741304371146,true,vis,0.8
715710,715710_2024-07-16,2,aud,-0.6858119905876092,0.7714315595299319,2.038711561089334,true,aud,0.9
715710,715710_2024-07-16,2,aud,-0.6858119905876092,0.7714315595299319,2.038711561089334,true,vis,0.2631578947368421
715710,715710_2024-07-16,3,vis,3.3197013684786603,-0.9235305950462647,2.2013586175115196,true,vis,0.9444444444444444
715710,715710_2024-07-16,3,vis,3.3197013684786603,-0.9235305950462647,2.2013586175115196,true,aud,0.2
715710,715710_2024-07-16,4,aud,0.0,0.9885187099025956,1.2307030755481283,true,aud,0.75
715710,715710_2024-07-16,4,aud,0.0,0.9885187099025956,1.2307030755481283,true,vis,0.3
715710,715710_2024-07-16,5,vis,3.7106500557922235,0.022032473687225718,3.002805591517389,true,vis,1.0
715710,715710_2024-07-16,5,vis,3.7106500557922235,0.022032473687225718,3.002805591517389,true,aud,0.10526315789473684
715710,715710_2024-07-17,0,vis,3.688617582104998,0.0,2.971326420099519,false,vis,1.0
715710,715710_2024-07-17,0,vis,3.688617582104998,0.0,2.971326420099519,false,aud,0.1111111111111111
715710,715710_2024-07-17,1,aud,-0.023425685797271445,0.459308663545953,1.4183199702078535,false,vis,0.3157894736842105
715710,715710_2024-07-17,1,aud,-0.023425685797271445,0.459308663545953,1.4183199702078535,false,aud,0.8333333333333334
715710,715710_2024-07-17,2,vis,3.7495774351659854,-1.0330020030042792,2.86562860061222,false,vis,1.0
715710,715710_2024-07-17,2,vis,3.7495774351659854,-1.0330020030042792,2.86562860061222,false,aud,0.13636363636363635
715710,715710_2024-07-17,3,aud,0.0,1.2340760370835313,2.9795936425768756,false,vis,0.05263157894736842
715710,715710_2024-07-17,3,aud,0.0,1.2340760370835313,2.9795936425768756,false,aud,0.9444444444444444
715710,715710_2024-07-17,4,vis,3.731438467899448,-0.020788412107224374,3.731438467899448,false,vis,1.0
715710,715710_2024-07-17,4,vis,3.731438467899448,-0.020788412107224374,3.731438467899448,false,aud,0.0
715710,715710_2024-07-17,5,aud,0.0,0.6247773941652714,-0.17845499921328722,false,vis,0.2
715710,715710_2024-07-17,5,aud,0.0,0.6247773941652714,-0.17845499921328722,false,aud,0.09523809523809523
715710,715710_2024-07-18,0,aud,0.024995864722127337,1.293725571562765,1.9011324690676932,true,aud,0.8888888888888888
715710,715710_2024-07-18,0,aud,0.024995864722127337,1.293725571562765,1.9011324690676932,true,vis,0.29411764705882354
715710,715710_2024-07-18,1,vis,3.7106500557922235,-1.1183427509671402,1.8763474181072433,true,vis,1.0
715710,715710_2024-07-18,1,vis,3.7106500557922235,-1.1183427509671402,1.8763474181072433,true,aud,0.45
715710,715710_2024-07-18,2,aud,-0.022032473687225718,0.7396129920876362,1.975247706370693,true,vis,0.15
715710,715710_2024-07-18,2,aud,-0.022032473687225718,0.7396129920876362,1.975247706370693,true,aud,0.8333333333333334
715710,715710_2024-07-18,3,vis,4.013712895171877,-0.6784124189954541,3.0901823001256123,true,aud,0.15
715710,715710_2024-07-18,3,vis,4.013712895171877,-0.6784124189954541,3.0901823001256123,true,vis,1.0
715710,715710_2024-07-18,4,aud,0.0,0.4376499942079318,1.1228554132471247,true,vis,0.6111111111111112
715710,715710_2024-07-18,4,aud,0.0,0.4376499942079318,1.1228554132471247,true,aud,0.95
715710,715710_2024-07-18,5,vis,2.256570874817204,-1.8861727107317818,0.31863936396437514,true,vis,0.5789473684210527
715710,715710_2024-07-18,5,vis,2.256570874817204,-1.8861727107317818,0.31863936396437514,true,aud,0.5
715710,715710_2024-07-19,0,vis,3.9747656425542166,-1.3484757130030505,2.1028459440772287,false,vis,1.0
715710,715710_2024-07-19,0,vis,3.9747656425542166,-1.3484757130030505,2.1028459440772287,false,aud,0.47368421052631576
715710,715710_2024-07-19,1,aud,-0.022032473687225718,1.4642931127820442,1.9280875637767483,false,vis,0.55
715710,715710_2024-07-19,1,aud,-0.022032473687225718,1.4642931127820442,1.9280875637767483,false,aud,1.0
715710,715710_2024-07-19,2,vis,3.8434842640689304,-1.3000541624836517,1.9069611228390062,false,vis,1.0
715710,715710_2024-07-19,2,vis,3.8434842640689304,-1.3000541624836517,1.9069611228390062,false,aud,0.5294117647058824
715710,715710_2024-07-19,3,aud,-0.04842155051939878,0.5143790332025865,1.2353236796557576,false,aud,0.631578947368421
715710,715710_2024-07-19,3,aud,-0.04842155051939878,0.5143790332025865,1.2353236796557576,false,vis,0.21052631578947367
715710,715710_2024-07-19,4,vis,3.158343686846979,-1.456351883939238,1.5013601503631313,false,aud,0.38095238095238093
715710,715710_2024-07-19,4,vis,3.158343686846979,-1.456351883939238,1.5013601503631313,false,vis,0.9523809523809523
715710,715710_2024-07-19,5,aud,0.0,0.5235205346993045,0.690652018076137,false,aud,0.35
715710,715710_2024-07-19,5,aud,0.0,0.5235205346993045,0.690652018076137,false,vis,0.2
733780,733780_2024-09-04,0,vis,3.6283551784871335,-0.6623863047903378,2.433100867733466,false,aud,0.2222222222222222
733780,733780_2024-09-04,0,vis,3.6283551784871335,-0.6623863047903378,2.433100867733466,false,vis,0.9375
733780,733780_2024-09-04,1,aud,0.0,2.1875905074609383,1.7190322674724612,false,aud,0.9473684210526315
733780,733780_2024-09-04,1,aud,0.0,2.1875905074609383,1.7190322674724612,false,vis,0.3684210526315789
733780,733780_2024-09-04,2,vis,4.013712895171877,-0.9235305950462647,2.728238660827904,false,aud,0.25
733780,733780_2024-09-04,2,vis,4.013712895171877,-0.9235305950462647,2.728238660827904,false,vis,1.0
733780,733780_2024-09-04,3,aud,-0.3123612027001994,1.9294720730176738,1.1020911122534263,false,aud,0.95
733780,733780_2024-09-04,3,aud,-0.3123612027001994,1.9294720730176738,1.1020911122534263,false,vis,0.6190476190476191
733780,733780_2024-09-04,4,vis,1.4922651854255462,-0.3123612027001994,0.4084440501323326,false,aud,0.19047619047619047
733780,733780_2024-09-04,4,vis,1.4922651854255462,-0.3123612027001994,0.4084440501323326,false,vis,0.25
733780,733780_2024-09-04,5,aud,0.023425685797271445,-0.7847146114361687,-0.8161937828540382,false,aud,0.0
733780,733780_2024-09-04,5,aud,0.023425685797271445,-0.7847146114361687,-0.8161937828540382,false,vis,0.1111111111111111
733891,733891_2024-09-18,0,vis,3.612305018606193,-0.24287560878338166,3.5532067449356886,false,aud,0.0625
733891,733891_2024-09-18,0,vis,3.612305018606193,-0.24287560878338166,3.5532067449356886,false,vis,1.0
733891,733891_2024-09-18,1,aud,-0.023425685797271445,0.16693792476044678,2.734812363784779,false,aud,1.0
733891,733891_2024-09-18,1,aud,-0.023425685797271445,0.16693792476044678,2.734812363784779,false,vis,0.15789473684210525
733891,733891_2024-09-18,2,vis,3.3315315651479986,-1.325050027205779,2.142402605805186,false,vis,1.0
733891,733891_2024-09-18,2,vis,3.3315315651479986,-1.325050027205779,2.142402605805186,false,aud,0.3333333333333333
733891,733891_2024-09-18,3,aud,-0.2930778839013559,1.300937096826788,1.2521587427912952,false,aud,1.0
733891,733891_2024-09-18,3,aud,-0.2930778839013559,1.300937096826788,1.2521587427912952,false,vis,0.6842105263157895
733891,733891_2024-09-18,4,vis,3.011309387149071,-0.0517739576339058,3.011309387149071,false,vis,0.8823529411764706
733891,733891_2024-09-18,4,vis,3.011309387149071,-0.0517739576339058,3.011309387149071,false,aud,0.0
733891,733891_2024-09-18,5,aud,0.0,1.7768705159002853,0.7210459022503082,false,vis,0.4
733891,733891_2024-09-18,5,aud,0.0,1.7768705159002853,0.7210459022503082,false,aud,0.75
737403,737403_2024-09-24,0,vis,3.3048941245327796,-0.022032473687225718,2.993226872054329,false,aud,0.1
737403,737403_2024-09-24,0,vis,3.3048941245327796,-0.022032473687225718,2.993226872054329,false,vis,1.0
737403,737403_2024-09-24,1,aud,0.0,2.5552824516124693,3.34390488927522,false,vis,0.05555555555555555
737403,737403_2024-09-24,1,aud,0.0,2.5552824516124693,3.34390488927522,false,aud,1.0
737403,737403_2024-09-24,2,vis,3.7106500557922235,-0.3555699421545073,2.847489633345683,false,vis,1.0
737403,737403_2024-09-24,2,vis,3.7106500557922235,-0.3555699421545073,2.847489633345683,false,aud,0.13636363636363635
737403,737403_2024-09-24,3,aud,-0.38038528070301103,3.2838404476079495,3.2838404476079495,false,aud,1.0
737403,737403_2024-09-24,3,aud,-0.38038528070301103,3.2838404476079495,3.2838404476079495,false,vis,0.05555555555555555
737403,737403_2024-09-24,4,vis,3.1103133649160624,0.023425685797271445,1.7398051782257862,false,aud,0.2777777777777778
737403,737403_2024-09-24,4,vis,3.1103133649160624,0.023425685797271445,1.7398051782257862,false,vis,0.8421052631578947
737403,737403_2024-09-24,5,aud,-0.0704540242066245,2.560640384124752,1.8090427996746152,false,vis,0.2
737403,737403_2024-09-24,5,aud,-0.0704540242066245,2.560640384124752,1.8090427996746152,false,aud,0.7894736842105263
737403,737403_2024-09-26,0,vis,3.2712057208483616,-0.29464956641728746,3.612305018606193,false,aud,0.05555555555555555
737403,737403_2024-09-26,0,vis,3.2712057208483616,-0.29464956641728746,3.612305018606193,false,vis,1.0
737403,737403_2024-09-26,1,aud,0.022032473687225718,2.1912786139886284,1.0579434834961,false,aud,0.5
737403,737403_2024-09-26,1,aud,0.022032473687225718,2.1912786139886284,1.0579434834961,false,vis,0.21052631578947367
737403,737403_2024-09-26,2,vis,3.064855205431565,0.0,1.8248391305720895,false,aud,0.25
737403,737403_2024-09-26,2,vis,3.064855205431565,0.0,1.8248391305720895,false,vis,0.8947368421052632
737403,737403_2024-09-26,3,aud,-0.3447126928297781,3.2974999521561954,2.016634127880339,false,aud,0.9473684210526315
737403,737403_2024-09-26,3,aud,-0.3447126928297781,3.2974999521561954,2.016634127880339,false,vis,0.2631578947368421
737403,737403_2024-09-26,4,vis,1.0478887267605157,0.024995864722127337,-0.30022614844382645,false,aud,0.29411764705882354
737403,737403_2024-09-26,4,vis,1.0478887267605157,0.024995864722127337,-0.30022614844382645,false,vis,0.13333333333333333
737403,737403_2024-09-26,5,aud,-0.7641564446795495,2.3457602828845077,1.7484553776244098,false,vis,0.16666666666666666
737403,737403_2024-09-26,5,aud,-0.7641564446795495,2.3457602828845077,1.7484553776244098,false,aud,0.8888888888888888
741137,741137_2024-10-08,0,vis,2.0625853770673093,-0.9568160168775208,2.0625853770673093,false,vis,0.7777777777777778
741137,741137_2024-10-08,0,vis,2.0625853770673093,-0.9568160168775208,2.0625853770673093,false,aud,0.1
741137,741137_2024-10-08,1,aud,0.038333803935863386,3.714755457846524,4.05065422754233,false,vis,0.0
741137,741137_2024-10-08,1,aud,0.038333803935863386,3.714755457846524,4.05065422754233,false,aud,1.0
741137,741137_2024-10-08,2,vis,2.542805491811271,-0.022032473687225718,1.6192748967650061,false,vis,0.7
741137,741137_2024-10-08,2,vis,2.542805491811271,-0.022032473687225718,1.6192748967650061,false,aud,0.15
741137,741137_2024-10-08,3,aud,0.0,3.1349507766061446,2.4565383576106905,false,vis,0.1
741137,741137_2024-10-08,3,aud,0.0,3.1349507766061446,2.4565383576106905,false,aud,0.85
741137,741137_2024-10-08,4,vis,2.0144828993881556,-0.022032473687225718,0.4398393812556688,false,aud,0.35
741137,741137_2024-10-08,4,vis,2.0144828993881556,-0.022032473687225718,0.4398393812556688,false,vis,0.5
741137,741137_2024-10-08,5,aud,0.022032473687225718,1.7040774308076325,0.2690772590830255,false,vis,0.3157894736842105
741137,741137_2024-10-08,5,aud,0.022032473687225718,1.7040774308076325,0.2690772590830255,false,aud,0.3157894736842105
741137,741137_2024-10-10,0,vis,3.002850385738908,0.04545815948449716,3.2974999521561954,false,aud,0.0
741137,741137_2024-10-10,0,vis,3.002850385738908,0.04545815948449716,3.2974999521561954,false,vis,0.9473684210526315
741137,741137_2024-10-10,1,aud,-0.020788412107224374,3.4136786654701794,3.437216232465786,false,aud,1.0
741137,741137_2024-10-10,1,aud,-0.020788412107224374,3.4136786654701794,3.437216232465786,false,vis,0.047619047619047616
741137,741137_2024-10-10,2,vis,3.669595906975074,0.0,2.983783916387465,false,aud,0.10526315789473684
741137,741137_2024-10-10,2,vis,3.669595906975074,0.0,2.983783916387465,false,vis,1.0
741137,741137_2024-10-10,3,aud,-0.29629114231037934,3.9335920256386996,3.2059176333389607,false,aud,1.0
741137,741137_2024-10-10,3,aud,-0.29629114231037934,3.9335920256386996,3.2059176333389607,false,vis,0.11764705882352941
741137,741137_2024-10-10,4,vis,1.8089947690432773,0.022032473687225718,0.32853643783417297,false,aud,0.3157894736842105
741137,741137_2024-10-10,4,vis,1.8089947690432773,0.022032473687225718,0.32853643783417297,false,vis,0.35
741137,741137_2024-10-10,5,aud,0.0,2.486474860524387,2.1231727991175147,false,aud,0.8
741137,741137_2024-10-10,5,aud,0.0,2.486474860524387,2.1231727991175147,false,vis,0.1
741148,741148_2024-10-17,0,aud,-0.6784124189954541,0.09378492609176847,1.2121276770589082,true,aud,1.0
741148,741148_2024-10-17,0,aud,-0.6784124189954541,0.09378492609176847,1.2121276770589082,true,vis,0.8
741148,741148_2024-10-17,1,vis,3.288247452585349,-1.2150202101373484,1.4453833630067123,true,aud,0.5882352941176471
741148,741148_2024-10-17,1,vis,3.288247452585349,-1.2150202101373484,1.4453833630067123,true,vis,0.9375
741148,741148_2024-10-17,2,aud,-0.023425685797271445,-0.22829958841780873,1.9308657209115123,true,aud,1.0
741148,741148_2024-10-17,2,aud,-0.023425685797271445,-0.22829958841780873,1.9308657209115123,true,vis,0.42105263157894735
741148,741148_2024-10-17,3,vis,3.3650355448496874,0.05912221604308776,2.246692793882547,true,aud,0.2
741148,741148_2024-10-17,3,vis,3.3650355448496874,0.05912221604308776,2.246692793882547,true,vis,0.95
741148,741148_2024-10-17,4,aud,-0.8096146041640466,0.10333585394026601,0.19752104086364847,true,aud,0.7
741148,741148_2024-10-17,4,aud,-0.8096146041640466,0.10333585394026601,0.19752104086364847,true,vis,0.65
741148,741148_2024-10-17,5,vis,3.6011852668431588,-1.072884591482643,1.993891453572237,true,vis,1.0
741148,741148_2024-10-17,5,vis,3.6011852668431588,-1.072884591482643,1.993891453572237,true,aud,0.3888888888888889
741148,741148_2024-10-18,0,vis,3.6986025375832954,0.022032473687225718,3.305868430897042,false,aud,0.10526315789473684
741148,741148_2024-10-18,0,vis,3.6986025375832954,0.022032473687225718,3.305868430897042,false,vis,1.0
741148,741148_2024-10-18,1,aud,-0.31511035758858164,0.425048203943579,1.8165547277592515,false,vis,0.6
741148,741148_2024-10-18,1,aud,-0.31511035758858164,0.425048203943579,1.8165547277592515,false,aud,1.0
741148,741148_2024-10-18,2,vis,3.3429581116406926,-1.3000541624836517,1.4567854009089107,false,vis,0.8947368421052632
741148,741148_2024-10-18,2,vis,3.3429581116406926,-1.3000541624836517,1.4567854009089107,false,aud,0.47058823529411764
741148,741148_2024-10-18,3,aud,0.0,0.14834630336311783,2.0567000201012795,false,vis,0.23529411764705882
741148,741148_2024-10-18,3,aud,0.0,0.14834630336311783,2.0567000201012795,false,aud,0.9411764705882353
741148,741148_2024-10-18,4,vis,2.5551727149746624,-1.6557153637903206,-0.16392949044119542,false,vis,0.7222222222222222
741148,741148_2024-10-18,4,vis,2.5551727149746624,-1.6557153637903206,-0.16392949044119542,false,aud,0.7894736842105263
741148,741148_2024-10-18,5,aud,-0.31511035758858164,-0.06901182339208878,1.093082912956775,false,vis,0.45
741148,741148_2024-10-18,5,aud,-0.31511035758858164,-0.06901182339208878,1.093082912956775,false,aud,0.8421052631578947
742903,742903_2024-10-21,0,vis,3.8434842640689304,-0.0517739576339058,3.5739712146703297,false,vis,1.0
742903,742903_2024-10-21,0,vis,3.8434842640689304,-0.0517739576339058,3.5739712146703297,false,aud,0.05555555555555555
742903,742903_2024-10-21,1,aud,0.0,1.9686119541553146,1.3519036631795784,false,vis,0.15789473684210525
742903,742903_2024-10-21,1,aud,0.0,1.9686119541553146,1.3519036631795784,false,aud,0.6470588235294118
742903,742903_2024-10-21,2,vis,3.688617582104998,0.0,3.395539698203642,false,vis,1.0
742903,742903_2024-10-21,2,vis,3.688617582104998,0.0,3.395539698203642,false,aud,0.05
742903,742903_2024-10-21,3,aud,-0.8863619926708963,1.3306584957192502,1.1073439070619508,false,vis,0.29411764705882354
742903,742903_2024-10-21,3,aud,-0.8863619926708963,1.3306584957192502,1.1073439070619508,false,aud,0.6875
742903,742903_2024-10-21,4,vis,3.593642387129031,-0.6938654762082073,3.593642387129031,false,aud,0.05555555555555555
742903,742903_2024-10-21,4,vis,3.593642387129031,-0.6938654762082073,3.593642387129031,false,vis,1.0
742903,742903_2024-10-21,5,aud,0.0,1.7742733634920276,2.5777681886037747,false,vis,0.1875
742903,742903_2024-10-21,5,aud,0.0,1.7742733634920276,2.5777681886037747,false,aud,1.0
742903,742903_2024-10-22,0,aud,-0.0517739576339058,3.022234168245676,3.612305018606193,true,vis,0.05555555555555555
742903,742903_2024-10-22,0,aud,-0.0517739576339058,3.022234168245676,3.612305018606193,true,aud,1.0
742903,742903_2024-10-22,1,vis,3.7106500557922235,0.0,2.5552824516124693,true,vis,1.0
742903,742903_2024-10-22,1,vis,3.7106500557922235,0.0,2.5552824516124693,true,aud,0.21052631578947367
742903,742903_2024-10-22,2,aud,0.022032473687225718,3.370542329890439,2.0867242116239924,true,vis,0.3684210526315789
742903,742903_2024-10-22,2,aud,0.022032473687225718,3.370542329890439,2.0867242116239924,true,aud,1.0
742903,742903_2024-10-22,3,vis,3.731438467899448,-0.31511035758858164,2.7871194607459593,true,vis,1.0
742903,742903_2024-10-22,3,vis,3.731438467899448,-0.31511035758858164,2.7871194607459593,true,aud,0.15
742903,742903_2024-10-22,4,aud,0.0,2.246692793882547,2.6866231258542332,true,vis,0.1
742903,742903_2024-10-22,4,aud,0.0,2.246692793882547,2.6866231258542332,true,aud,0.95
742903,742903_2024-10-22,5,vis,2.0191392806696324,0.0,0.7791232058101569,true,vis,0.47368421052631576
742903,742903_2024-10-22,5,vis,2.0191392806696324,0.0,0.7791232058101569,true,aud,0.25
742903,742903_2024-10-23,0,vis,3.084302216108693,0.0,2.376457751833858,false,vis,0.9444444444444444
742903,742903_2024-10-23,0,vis,3.084302216108693,0.0,2.376457751833858,false,aud,0.10526315789473684
742903,742903_2024-10-23,1,aud,-0.33282868977188973,3.1917075756289233,2.121348928880356,false,aud,1.0
742903,742903_2024-10-23,1,aud,-0.33282868977188973,3.1917075756289233,2.121348928880356,false,vis,0.3333333333333333
742903,742903_2024-10-23,2,vis,3.6496068173625575,-0.04842155051939878,2.3453153072894297,false,aud,0.2631578947368421
742903,742903_2024-10-23,2,vis,3.6496068173625575,-0.04842155051939878,2.3453153072894297,false,vis,0.9444444444444444
742903,742903_2024-10-23,3,aud,-0.6470832030600961,3.224742173937445,1.9439687327206983,false,aud,1.0
742903,742903_2024-10-23,3,aud,-0.6470832030600961,3.224742173937445,1.9439687327206983,false,vis,0.4
742903,742903_2024-10-23,4,vis,2.1542529988575194,0.0,1.7321312398880881,false,aud,0.2222222222222222
742903,742903_2024-10-23,4,vis,2.1542529988575194,0.0,1.7321312398880881,false,vis,0.8421052631578947
742903,742903_2024-10-23,5,aud,-0.29800539605985277,2.7791628105838644,2.555537752965955,false,aud,1.0
742903,742903_2024-10-23,5,aud,-0.29800539605985277,2.7791628105838644,2.555537752965955,false,vis,0.1875
742903,742903_2024-10-24,0,aud,-0.023425685797271445,3.0042556978030888,3.9747656425542166,true,aud,1.0
742903,742903_2024-10-24,0,aud,-0.023425685797271445,3.0042556978030888,3.9747656425542166,true,vis,0.0
742903,742903_2024-10-24,1,vis,3.7106500557922235,0.0,2.3401418691019478,true,aud,0.2777777777777778
742903,742903_2024-10-24,1,vis,3.7106500557922235,0.0,2.3401418691019478,true,vis,1.0
742903,742903_2024-10-24,2,aud,0.0,3.370542329890439,3.002805591517389,true,vis,0.10526315789473684
742903,742903_2024-10-24,2,aud,0.0,3.370542329890439,3.002805591517389,true,aud,1.0
742903,742903_2024-10-24,3,vis,2.771189735959037,-0.2695130493986009,1.582947618733467,true,aud,0.25
742903,742903_2024-10-24,3,vis,2.771189735959037,-0.2695130493986009,1.582947618733467,true,vis,0.9411764705882353
742903,742903_2024-10-24,4,aud,0.023425685797271445,3.62027982774425,2.967845135207681,true,aud,1.0
742903,742903_2024-10-24,4,aud,0.023425685797271445,3.62027982774425,2.967845135207681,true,vis,0.16666666666666666
742903,742903_2024-10-24,5,vis,1.253661421699967,-0.36674516651700384,-0.18190205013204652,true,aud,0.3
742903,742903_2024-10-24,5,vis,1.253661421699967,-0.36674516651700384,-0.18190205013204652,true,vis,0.15
743199,743199_2024-12-03,0,vis,3.6986025375832954,-1.0963102772799145,2.8583452909921228,false,aud,0.21052631578947367
743199,743199_2024-12-03,0,vis,3.6986025375832954,-1.0963102772799145,2.8583452909921228,false,vis,1.0
743199,743199_2024-12-03,1,aud,-0.3212870070325067,0.7896663256585226,0.2075652259643893,false,vis,0.8333333333333334
743199,743199_2024-12-03,1,aud,-0.3212870070325067,0.7896663256585226,0.2075652259643893,false,aud,1.0
743199,743199_2024-12-03,2,vis,3.688617582104998,-0.6563799453082284,3.002805591517389,false,vis,1.0
743199,743199_2024-12-03,2,vis,3.688617582104998,-0.6563799453082284,3.002805591517389,false,aud,0.10526315789473684
743199,743199_2024-12-03,3,aud,-0.022032473687225718,1.3623443815053062,1.9111727848463136,false,vis,0.55
743199,743199_2024-12-03,3,aud,-0.022032473687225718,1.3623443815053062,1.9111727848463136,false,aud,1.0
743199,743199_2024-12-03,4,vis,4.013712895171877,0.0,3.6986025375832954,false,vis,1.0
743199,743199_2024-12-03,4,vis,4.013712895171877,0.0,3.6986025375832954,false,aud,0.05
743199,743199_2024-12-03,5,aud,0.0,0.49103495766237915,1.4294591594472206,false,vis,0.6111111111111112
743199,743199_2024-12-03,5,aud,0.0,0.49103495766237915,1.4294591594472206,false,aud,1.0
743199,743199_2024-12-04,0,aud,0.0,0.09378492609176847,2.1794102574868965,true,vis,0.45
743199,743199_2024-12-04,0,aud,0.0,0.09378492609176847,2.1794102574868965,true,aud,1.0
743199,743199_2024-12-04,1,vis,2.8607074341560566,-1.1333351304925285,2.2182875253724093,true,vis,1.0
743199,743199_2024-12-04,1,vis,2.8607074341560566,-1.1333351304925285,2.2182875253724093,true,aud,0.42105263157894735
743199,743199_2024-12-04,2,aud,0.0,1.5293483979237819,1.5293483979237819,true,vis,0.7
743199,743199_2024-12-04,2,aud,0.0,1.5293483979237819,1.5293483979237819,true,aud,1.0
743199,743199_2024-12-04,3,vis,3.9916804214846513,-0.2696521981040845,3.6469677286548734,true,aud,0.05555555555555555
743199,743199_2024-12-04,3,vis,3.9916804214846513,-0.2696521981040845,3.6469677286548734,true,vis,1.0
743199,743199_2024-12-04,4,aud,-0.29629114231037934,1.0780353057300278,1.9346831374500955,true,vis,0.4117647058823529
743199,743199_2024-12-04,4,aud,-0.29629114231037934,1.0780353057300278,1.9346831374500955,true,aud,1.0
743199,743199_2024-12-04,5,vis,3.951339956756945,0.04842155051939878,2.9657336233486586,true,aud,0.17647058823529413
743199,743199_2024-12-04,5,vis,3.951339956756945,0.04842155051939878,2.9657336233486586,true,vis,1.0
743199,743199_2024-12-05,0,vis,3.305868430897042,-0.6784124189954541,2.728238660827904,false,aud,0.25
743199,743199_2024-12-05,0,vis,3.305868430897042,-0.6784124189954541,2.728238660827904,false,vis,1.0
743199,743199_2024-12-05,1,aud,0.024995864722127337,1.2357138953195932,2.223431400046347,false,aud,1.0
743199,743199_2024-12-05,1,aud,0.024995864722127337,1.2357138953195932,2.223431400046347,false,vis,0.4117647058823529
743199,743199_2024-12-05,2,vis,3.305868430897042,-0.022032473687225718,3.335300476176423,false,aud,0.1
743199,743199_2024-12-05,2,vis,3.305868430897042,-0.022032473687225718,3.335300476176423,false,vis,1.0
743199,743199_2024-12-05,3,aud,-0.7641564446795495,0.8500741887299723,1.718207422043472,false,vis,0.6111111111111112
743199,743199_2024-12-05,3,aud,-0.7641564446795495,0.8500741887299723,1.718207422043472,false,aud,1.0
743199,743199_2024-12-05,4,vis,3.1917075756289233,-1.0211106338487372,2.5777681886037747,false,vis,1.0
743199,743199_2024-12-05,4,vis,3.1917075756289233,-1.0211106338487372,2.5777681886037747,false,aud,0.1875
743199,743199_2024-12-05,5,aud,-0.3686808431303916,0.30011747211766016,1.4671606887892474,false,vis,0.3333333333333333
743199,743199_2024-12-05,5,aud,-0.3686808431303916,0.30011747211766016,1.4671606887892474,false,aud,0.8666666666666667
743199,743199_2024-12-06,0,aud,-0.022032473687225718,0.7493541263209371,1.382994127100638,true,aud,0.8947368421052632
743199,743199_2024-12-06,0,aud,-0.022032473687225718,0.7493541263209371,1.382994127100638,true,vis,0.5
743199,743199_2024-12-06,1,vis,3.478768262767387,-1.2109889126058269,1.3915065238156725,true,aud,0.6
743199,743199_2024-12-06,1,vis,3.478768262767387,-1.2109889126058269,1.3915065238156725,true,vis,1.0
743199,743199_2024-12-06,2,aud,0.0,0.5634503267367186,1.7903920267172007,true,aud,0.95
743199,743199_2024-12-06,2,aud,0.0,0.5634503267367186,1.7903920267172007,true,vis,0.35
743199,743199_2024-12-06,3,vis,4.029865815435105,0.0,4.05065422754233,true,aud,0.0
743199,743199_2024-12-06,3,vis,4.029865815435105,0.0,4.05065422754233,true,vis,1.0
743199,743199_2024-12-06,4,aud,0.023425685797271445,0.5882741304371146,0.8416212335729143,true,aud,0.8
743199,743199_2024-12-06,4,aud,0.023425685797271445,0.5882741304371146,0.8416212335729143,true,vis,0.5
743199,743199_2024-12-06,5,vis,3.938355079958809,-0.6938654762082073,3.2210639179533302,true,aud,0.1111111111111111
743199,743199_2024-12-06,5,vis,3.938355079958809,-0.6938654762082073,3.2210639179533302,true,vis,1.0
746439,746439_2025-01-31,0,aud,0.0,2.728238660827904,1.0173155211380327,true,aud,1.0
746439,746439_2025-01-31,0,aud,0.0,2.728238660827904,1.0173155211380327,true,vis,0.85
746439,746439_2025-01-31,1,vis,3.6015606030631866,-1.2634417606567472,1.5573284783704375,true,aud,0.6842105263157895
746439,746439_2025-01-31,1,vis,3.6015606030631866,-1.2634417606567472,1.5573284783704375,true,vis,1.0
746439,746439_2025-01-31,2,aud,0.0,2.3364617094778035,1.1588023355330659,true,aud,1.0
746439,746439_2025-01-31,2,aud,0.0,2.3364617094778035,1.1588023355330659,true,vis,0.8
746439,746439_2025-01-31,3,vis,3.9790501851231967,-1.9379315108528288,1.3854461998034413,true,aud,0.7368421052631579
746439,746439_2025-01-31,3,vis,3.9790501851231967,-1.9379315108528288,1.3854461998034413,true,vis,1.0
746439,746439_2025-01-31,4,aud,-0.022032473687225718,1.8004018074960229,1.5293483979237819,true,vis,0.7
746439,746439_2025-01-31,4,aud,-0.022032473687225718,1.8004018074960229,1.5293483979237819,true,aud,1.0
746439,746439_2025-01-31,5,vis,3.2976688947914345,-1.7497996614515678,1.1367295529982386,true,aud,0.5882352941176471
746439,746439_2025-01-31,5,vis,3.2976688947914345,-1.7497996614515678,1.1367295529982386,true,vis,0.9444444444444444
750329,750329_2024-11-27,0,vis,3.7382930248421307,0.0,1.3954120806989696,false,vis,1.0
750329,750329_2024-11-27,0,vis,3.7382930248421307,0.0,1.3954120806989696,false,aud,0.75
750329,750329_2024-11-27,1,aud,0.0,3.305868430897042,2.389787051003646,false,vis,0.3684210526315789
750329,750329_2024-11-27,1,aud,0.0,3.305868430897042,2.389787051003646,false,aud,1.0
750329,750329_2024-11-27,2,vis,3.395539698203642,-0.6858119905876092,1.2711804179212192,false,vis,1.0
750329,750329_2024-11-27,2,vis,3.395539698203642,-0.6858119905876092,1.2711804179212192,false,aud,0.6842105263157895
750329,750329_2024-11-27,3,aud,-1.3481148752043421,3.1871835120773957,2.5782292168304757,false,vis,0.29411764705882354
750329,750329_2024-11-27,3,aud,-1.3481148752043421,3.1871835120773957,2.5782292168304757,false,aud,1.0
750329,750329_2024-11-27,4,vis,3.6916283806622996,-0.2930778839013559,0.9270680157619451,false,vis,1.0
750329,750329_2024-11-27,4,vis,3.6916283806622996,-0.2930778839013559,0.9270680157619451,false,aud,0.7894736842105263
750329,750329_2024-11-27,5,aud,-0.3447126928297781,3.9085961609165722,2.652726201362843,false,vis,0.2631578947368421
750329,750329_2024-11-27,5,aud,-0.3447126928297781,3.9085961609165722,2.652726201362843,false,aud,1.0
759434,759434_2025-02-03,0,aud,-0.022032473687225718,2.728238660827904,3.6986025375832954,true,vis,0.05
759434,759434_2025-02-03,0,aud,-0.022032473687225718,2.728238660827904,3.6986025375832954,true,aud,1.0
759434,759434_2025-02-03,1,vis,-0.4169778730631184,-0.31511035758858164,-1.6515136652938205,true,vis,0.0
759434,759434_2025-02-03,1,vis,-0.4169778730631184,-0.31511035758858164,-1.6515136652938205,true,aud,0.35
759434,759434_2025-02-03,2,aud,0.0,2.1875905074609383,3.027847754052111,true,vis,0.05
759434,759434_2025-02-03,2,aud,0.0,2.1875905074609383,3.027847754052111,true,aud,1.0
759434,759434_2025-02-03,3,vis,2.9273855506417554,-0.6784124189954541,1.093082912956775,true,aud,0.45
759434,759434_2025-02-03,3,vis,2.9273855506417554,-0.6784124189954541,1.093082912956775,true,vis,1.0
759434,759434_2025-02-03,4,aud,-0.04545815948449716,2.7148232741722627,3.3565289334612016,true,vis,0.05
759434,759434_2025-02-03,4,aud,-0.04545815948449716,2.7148232741722627,3.3565289334612016,true,aud,1.0
759434,759434_2025-02-03,5,vis,3.6916283806622996,-0.3401077259017846,2.7680977856160354,true,aud,0.15
759434,759434_2025-02-03,5,vis,3.6916283806622996,-0.3401077259017846,2.7680977856160354,true,vis,1.0
759434,759434_2025-02-04,0,vis,3.9967981162414423,0.0,3.6816877586528607,false,vis,1.0
759434,759434_2025-02-04,0,vis,3.9967981162414423,0.0,3.6816877586528607,false,aud,0.05
759434,759434_2025-02-04,1,aud,0.0,1.8898229543741656,1.8898229543741656,false,vis,0.42105263157894735
759434,759434_2025-02-04,1,aud,0.0,1.8898229543741656,1.8898229543741656,false,aud,1.0
759434,759434_2025-02-04,2,vis,3.395539698203642,-0.3447126928297781,3.688617582104998,false,aud,0.0
759434,759434_2025-02-04,2,vis,3.395539698203642,-0.3447126928297781,3.688617582104998,false,vis,1.0
759434,759434_2025-02-04,3,aud,-0.2930778839013559,2.4498134998785996,2.4985918539140926,false,vis,0.3157894736842105
759434,759434_2025-02-04,3,aud,-0.2930778839013559,2.4498134998785996,2.4985918539140926,false,aud,1.0
759434,759434_2025-02-04,4,vis,4.034501307279101,-0.31511035758858164,3.6986025375832954,false,vis,1.0
759434,759434_2025-02-04,4,vis,4.034501307279101,-0.31511035758858164,3.6986025375832954,false,aud,0.05
759434,759434_2025-02-04,5,aud,-0.020788412107224374,3.0901823001256123,3.1213194345099637,false,vis,0.14285714285714285
759434,759434_2025-02-04,5,aud,-0.020788412107224374,3.0901823001256123,3.1213194345099637,false,aud,1.0
759434,759434_2025-02-05,0,aud,-1.4837785257600997,2.377815512934534,1.860713270224118,true,vis,0.5555555555555556
759434,759434_2025-02-05,0,aud,-1.4837785257600997,2.377815512934534,1.860713270224118,true,aud,1.0
759434,759434_2025-02-05,1,vis,3.7106500557922235,0.0,2.2301917245831193,true,vis,1.0
759434,759434_2025-02-05,1,vis,3.7106500557922235,0.0,2.2301917245831193,true,aud,0.3157894736842105
759434,759434_2025-02-05,2,aud,0.023425685797271445,2.5732856296951594,2.0138805431847535,true,aud,1.0
759434,759434_2025-02-05,2,aud,0.023425685797271445,2.5732856296951594,2.0138805431847535,true,vis,0.3888888888888889
759434,759434_2025-02-05,3,vis,3.320925637953467,0.022032473687225718,2.6351136473658574,true,aud,0.10526315789473684
759434,759434_2025-02-05,3,vis,3.320925637953467,0.022032473687225718,2.6351136473658574,true,vis,0.9473684210526315
759434,759434_2025-02-05,4,aud,-0.04545815948449716,2.758356415683731,3.6816877586528607,true,aud,1.0
759434,759434_2025-02-05,4,aud,-0.04545815948449716,2.758356415683731,3.6816877586528607,true,vis,0.05
759434,759434_2025-02-05,5,vis,3.8434842640689304,-0.29800539605985277,3.514872940999825,true,aud,0.0625
759434,759434_2025-02-05,5,vis,3.8434842640689304,-0.29800539605985277,3.514872940999825,true,vis,1.0
759434,759434_2025-02-06,0,vis,3.7106500557922235,0.0,3.7106500557922235,false,aud,0.0
759434,759434_2025-02-06,0,vis,3.7106500557922235,0.0,3.7106500557922235,false,vis,0.95
759434,759434_2025-02-06,1,aud,-0.31511035758858164,2.3861650567058104,2.7481086960035186,false,aud,1.0
759434,759434_2025-02-06,1,aud,-0.31511035758858164,2.3861650567058104,2.7481086960035186,false,vis,0.15
759434,759434_2025-02-06,2,vis,3.1791320989542036,0.0,2.8432333292583976,false,vis,0.9047619047619048
759434,759434_2025-02-06,2,vis,3.1791320989542036,0.0,2.8432333292583976,false,aud,0.05
759434,759434_2025-02-06,3,aud,-0.0704540242066245,2.5732856296951594,3.0132159616668455,false,aud,1.0
759434,759434_2025-02-06,3,aud,-0.0704540242066245,2.5732856296951594,3.0132159616668455,false,vis,0.1
759434,759434_2025-02-06,4,vis,3.3650355448496874,-0.3401077259017846,2.4415049498034227,false,aud,0.15
759434,759434_2025-02-06,4,vis,3.3650355448496874,-0.3401077259017846,2.4415049498034227,false,vis,0.95
759434,759434_2025-02-06,5,aud,0.020788412107224374,2.0166080256390044,1.5603072584736581,false,aud,0.9
759434,759434_2025-02-06,5,aud,0.020788412107224374,2.0166080256390044,1.5603072584736581,false,vis,0.35
759434,759434_2025-02-07,0,aud,-0.022032473687225718,2.841430512061688,3.318385697245988,true,aud,1.0
759434,759434_2025-02-07,0,aud,-0.022032473687225718,2.841430512061688,3.318385697245988,true,vis,0.1
759434,759434_2025-02-07,1,vis,3.6211743564556755,-0.024995864722127337,2.162391695417703,true,aud,0.3333333333333333
759434,759434_2025-02-07,1,vis,3.6211743564556755,-0.024995864722127337,2.162391695417703,true,vis,1.0
759434,759434_2025-02-07,2,aud,-0.022032473687225718,3.370542329890439,2.5923073048250833,true,aud,1.0
759434,759434_2025-02-07,2,aud,-0.022032473687225718,3.370542329890439,2.5923073048250833,true,vis,0.2
759434,759434_2025-02-07,3,vis,3.7106500557922235,-0.36674516651700384,1.8763474181072433,true,aud,0.45
759434,759434_2025-02-07,3,vis,3.7106500557922235,-0.36674516651700384,1.8763474181072433,true,vis,1.0
759434,759434_2025-02-07,4,aud,0.023425685797271445,3.0132159616668455,2.6990859622239465,true,vis,0.16666666666666666
759434,759434_2025-02-07,4,aud,0.023425685797271445,3.0132159616668455,2.6990859622239465,true,aud,1.0
759434,759434_2025-02-07,5,vis,3.9967981162414423,0.0,3.6816877586528607,true,vis,1.0
759434,759434_2025-02-07,5,vis,3.9967981162414423,0.0,3.6816877586528607,true,aud,0.05
761583,761583_2024-12-16,0,vis,3.7382930248421307,-0.04045958456592569,3.4050795670139884,false,vis,1.0
761583,761583_2024-12-16,0,vis,3.7382930248421307,-0.04045958456592569,3.4050795670139884,false,aud,0.09090909090909091
761583,761583_2024-12-16,1,aud,0.0,1.2794102134545586,1.7903920267172007,false,vis,0.35
761583,761583_2024-12-16,1,aud,0.0,1.2794102134545586,1.7903920267172007,false,aud,0.95
761583,761583_2024-12-16,2,vis,3.7495774351659854,-0.04045958456592569,2.86562860061222,false,vis,1.0
761583,761583_2024-12-16,2,vis,3.7495774351659854,-0.04045958456592569,2.86562860061222,false,aud,0.13636363636363635
761583,761583_2024-12-16,3,aud,-0.29464956641728746,1.8166978836280099,2.3401418691019478,false,vis,0.2777777777777778
761583,761583_2024-12-16,3,aud,-0.29464956641728746,1.8166978836280099,2.3401418691019478,false,aud,1.0
761583,761583_2024-12-16,4,vis,3.6566903903396577,-0.3401077259017846,2.5612346444094287,false,vis,1.0
761583,761583_2024-12-16,4,vis,3.6566903903396577,-0.3401077259017846,2.5612346444094287,false,aud,0.3
761583,761583_2024-12-16,5,aud,-0.022032473687225718,2.372872272073211,2.5612346444094287,false,vis,0.3
761583,761583_2024-12-16,5,aud,-0.022032473687225718,2.372872272073211,2.5612346444094287,false,aud,1.0
